rec_unit,time,tx_surv,rem_surv
Newcastle,0,1,1
Newcastle,0,0.990484845,0.999129611
Newcastle,1,0.983321905,0.99825173
Newcastle,2,0.978535202,0.996479637
Newcastle,4,0.973732446,0.995580467
Newcastle,6,0.971322054,0.994656247
Newcastle,7,0.968902197,0.994656247
Newcastle,8,0.966483425,0.994656247
Newcastle,10,0.961647855,0.994656247
Newcastle,11,0.959222987,0.994656247
Newcastle,12,0.956799721,0.994656247
Newcastle,13,0.954378321,0.994656247
Newcastle,15,0.951958777,0.994656247
Newcastle,16,0.949543145,0.994656247
Newcastle,17,0.947129988,0.994656247
Newcastle,18,0.939900376,0.994656247
Newcastle,21,0.939900376,0.993707404
Newcastle,22,0.937484991,0.992758325
Newcastle,24,0.930252484,0.991803571
Newcastle,25,0.927831087,0.990841479
Newcastle,28,0.927831087,0.989876492
Newcastle,30,0.922977451,0.988908157
Newcastle,31,0.918121647,0.987934993
Newcastle,32,0.918121647,0.986956984
Newcastle,33,0.915679809,0.986956984
Newcastle,34,0.913237099,0.986956984
Newcastle,35,0.908355511,0.986956984
Newcastle,36,0.903469688,0.986956984
Newcastle,38,0.903469688,0.985958389
Newcastle,39,0.901024651,0.985958389
Newcastle,40,0.898576901,0.984958495
Newcastle,41,0.89612054,0.983942192
Newcastle,42,0.89120863,0.983942192
Newcastle,45,0.888754059,0.982921504
Newcastle,47,0.886295131,0.981897022
Newcastle,48,0.881381968,0.981897022
Newcastle,49,0.876474081,0.981897022
Newcastle,50,0.876474081,0.979823323
Newcastle,51,0.874009191,0.978782249
Newcastle,53,0.869073175,0.977736473
Newcastle,54,0.864133822,0.976684645
Newcastle,57,0.85673075,0.976684645
Newcastle,58,0.85673075,0.975618916
Newcastle,59,0.851791318,0.974551544
Newcastle,60,0.846853667,0.974551544
Newcastle,61,0.844376197,0.974551544
Newcastle,62,0.841896068,0.974551544
Newcastle,64,0.841896068,0.971315613
Newcastle,65,0.839411875,0.971315613
Newcastle,67,0.836926378,0.971315613
Newcastle,68,0.834445339,0.971315613
Newcastle,69,0.831968964,0.971315613
Newcastle,70,0.82703246,0.971315613
Newcastle,71,0.824563597,0.971315613
Newcastle,72,0.82209814,0.971315613
Newcastle,74,0.817179072,0.971315613
Newcastle,75,0.814724343,0.971315613
Newcastle,77,0.812266786,0.971315613
Newcastle,78,0.804923963,0.970195355
Newcastle,79,0.802470378,0.969070036
Newcastle,80,0.800012244,0.967944203
Newcastle,81,0.792640437,0.966811985
Newcastle,83,0.792640437,0.964524976
Newcastle,84,0.792640437,0.963373786
Newcastle,86,0.790164714,0.963373786
Newcastle,87,0.790164714,0.962221206
Newcastle,88,0.787681043,0.958766927
Newcastle,89,0.785186452,0.958766927
Newcastle,90,0.785186452,0.957601558
Newcastle,91,0.777726197,0.957601558
Newcastle,92,0.777726197,0.955260434
Newcastle,93,0.777726197,0.95408555
Newcastle,94,0.772712958,0.952906111
Newcastle,95,0.770205949,0.952906111
Newcastle,96,0.770205949,0.95171514
Newcastle,97,0.765201566,0.95171514
Newcastle,98,0.762694485,0.95171514
Newcastle,100,0.760186727,0.95171514
Newcastle,101,0.752700938,0.950509692
Newcastle,102,0.747719286,0.950509692
Newcastle,103,0.747719286,0.948071043
Newcastle,104,0.745214109,0.948071043
Newcastle,105,0.745214109,0.946838066
Newcastle,106,0.74271118,0.946838066
Newcastle,107,0.732760726,0.945592376
Newcastle,108,0.727749751,0.944328503
Newcastle,109,0.725226128,0.944328503
Newcastle,111,0.720172366,0.944328503
Newcastle,112,0.715102806,0.944328503
Newcastle,113,0.712558092,0.944328503
Newcastle,114,0.710009867,0.943041038
Newcastle,116,0.707454378,0.943041038
Newcastle,118,0.704897652,0.943041038
Newcastle,119,0.702345429,0.943041038
Newcastle,120,0.699793926,0.943041038
Newcastle,121,0.697234128,0.943041038
Newcastle,122,0.692122007,0.941726127
Newcastle,123,0.689546776,0.941726127
Newcastle,125,0.684402464,0.941726127
Newcastle,127,0.68182143,0.941726127
Newcastle,128,0.679244486,0.9403954
Newcastle,132,0.676663039,0.939059226
Newcastle,134,0.674070877,0.939059226
Newcastle,135,0.668894089,0.939059226
Newcastle,137,0.666304113,0.939059226
Newcastle,139,0.663716515,0.939059226
Newcastle,140,0.6611338,0.939059226
Newcastle,144,0.658555224,0.937684884
Newcastle,145,0.6533966,0.936293884
Newcastle,147,0.645633593,0.936293884
Newcastle,148,0.645633593,0.933472529
Newcastle,150,0.64302233,0.933472529
Newcastle,153,0.637808221,0.933472529
Newcastle,154,0.637808221,0.932043849
Newcastle,155,0.635200319,0.932043849
Newcastle,156,0.629992948,0.932043849
Newcastle,159,0.627394405,0.932043849
Newcastle,162,0.622213,0.930588372
Newcastle,164,0.619627684,0.929123739
Newcastle,165,0.614464296,0.929123739
Newcastle,166,0.611890536,0.927640439
Newcastle,168,0.604199696,0.927640439
Newcastle,169,0.601640391,0.926139695
Newcastle,170,0.599077096,0.926139695
Newcastle,171,0.596518782,0.926139695
Newcastle,172,0.596518782,0.924619421
Newcastle,173,0.593952306,0.924619421
Newcastle,174,0.593952306,0.920040078
Newcastle,175,0.586238249,0.920040078
Newcastle,176,0.583670401,0.918465944
Newcastle,177,0.583670401,0.916883141
Newcastle,178,0.581100511,0.916883141
Newcastle,180,0.578529109,0.916883141
Newcastle,182,0.575957707,0.916883141
Newcastle,183,0.575957707,0.915286176
Newcastle,184,0.573374542,0.915286176
Newcastle,187,0.56822927,0.913677015
Newcastle,189,0.565657333,0.913677015
Newcastle,192,0.563083011,0.913677015
Newcastle,195,0.560511842,0.913677015
Newcastle,198,0.555382896,0.912027355
Newcastle,200,0.552817823,0.912027355
Newcastle,201,0.547703731,0.912027355
Newcastle,203,0.547703731,0.910349003
Newcastle,204,0.547703731,0.908671214
Newcastle,205,0.547703731,0.906994394
Newcastle,206,0.545116134,0.90530845
Newcastle,208,0.542520358,0.90530845
Newcastle,212,0.537347682,0.90530845
Newcastle,217,0.53477183,0.90530845
Newcastle,218,0.53219511,0.90530845
Newcastle,221,0.529623856,0.90530845
Newcastle,223,0.527054833,0.90530845
Newcastle,224,0.524481727,0.903589232
Newcastle,225,0.524481727,0.901863826
Newcastle,226,0.524481727,0.90013869
Newcastle,227,0.521892846,0.90013869
Newcastle,229,0.519300078,0.89840979
Newcastle,230,0.514107742,0.894947365
Newcastle,231,0.511490411,0.894947365
Newcastle,232,0.508868207,0.894947365
Newcastle,233,0.503627951,0.894947365
Newcastle,234,0.500998654,0.894947365
Newcastle,235,0.498367927,0.894947365
Newcastle,236,0.495741729,0.894947365
Newcastle,238,0.495741729,0.89314962
Newcastle,239,0.493103505,0.891348506
Newcastle,240,0.493103505,0.889542652
Newcastle,242,0.490456237,0.889542652
Newcastle,243,0.487804777,0.889542652
Newcastle,247,0.485158492,0.889542652
Newcastle,248,0.485158492,0.887688812
Newcastle,250,0.485158492,0.885833394
Newcastle,252,0.482503777,0.885833394
Newcastle,255,0.479849061,0.885833394
Newcastle,256,0.47719462,0.885833394
Newcastle,257,0.474544035,0.885833394
Newcastle,258,0.471897152,0.885833394
Newcastle,260,0.469250546,0.883953686
Newcastle,261,0.466594064,0.883953686
Newcastle,264,0.466594064,0.882060062
Newcastle,265,0.46127174,0.882060062
Newcastle,266,0.458621317,0.880149603
Newcastle,268,0.458621317,0.878225408
Newcastle,270,0.455953028,0.878225408
Newcastle,277,0.455953028,0.874350397
Newcastle,278,0.455953028,0.872392003
Newcastle,280,0.450599576,0.872392003
Newcastle,281,0.445235421,0.872392003
Newcastle,282,0.442543067,0.870390698
Newcastle,283,0.439848981,0.870390698
Newcastle,285,0.437154172,0.86836582
Newcastle,293,0.434461818,0.86836582
Newcastle,296,0.434461818,0.866320757
Newcastle,300,0.429089378,0.866320757
Newcastle,301,0.426415444,0.866320757
Newcastle,303,0.423746976,0.866320757
Newcastle,305,0.423746976,0.864236721
Newcastle,306,0.423746976,0.862151774
Newcastle,307,0.418391535,0.862151774
Newcastle,308,0.415716578,0.860047612
Newcastle,310,0.413029085,0.860047612
Newcastle,311,0.410345371,0.860047612
Newcastle,314,0.407668402,0.860047612
Newcastle,315,0.407668402,0.857896595
Newcastle,322,0.404975026,0.85574247
Newcastle,323,0.402275758,0.85574247
Newcastle,325,0.399587364,0.85574247
Newcastle,326,0.396911434,0.85574247
Newcastle,330,0.396911434,0.853517244
Newcastle,343,0.391571686,0.849049123
Newcastle,345,0.38888313,0.849049123
Newcastle,346,0.386204772,0.849049123
Newcastle,360,0.383525905,0.849049123
Newcastle,362,0.380836665,0.846735238
Newcastle,363,0.378137984,0.846735238
Newcastle,366,0.375434706,0.846735238
Newcastle,367,0.372732184,0.846735238
Newcastle,369,0.372732184,0.844375583
Newcastle,370,0.370019257,0.844375583
Newcastle,373,0.370019257,0.842005
Newcastle,377,0.367312275,0.842005
Newcastle,384,0.364607123,0.839593267
Newcastle,385,0.361887627,0.839593267
Newcastle,387,0.361887627,0.837150494
Newcastle,388,0.359164882,0.837150494
Newcastle,390,0.356449929,0.837150494
Newcastle,391,0.356449929,0.834679802
Newcastle,392,0.35373853,0.834679802
Newcastle,394,0.351029713,0.834679802
Newcastle,395,0.348326952,0.834679802
Newcastle,401,0.345637758,0.834679802
Newcastle,404,0.342953795,0.834679802
Newcastle,406,0.337601979,0.834679802
Newcastle,408,0.334934806,0.832027566
Newcastle,411,0.334934806,0.829348387
Newcastle,413,0.3322436,0.826652661
Newcastle,422,0.329549016,0.826652661
Newcastle,424,0.326833905,0.826652661
Newcastle,431,0.321438164,0.826652661
Newcastle,432,0.321438164,0.823908929
Newcastle,433,0.316031093,0.823908929
Newcastle,434,0.316031093,0.821133421
Newcastle,439,0.316031093,0.818353834
Newcastle,441,0.316031093,0.815566552
Newcastle,447,0.313299667,0.815566552
Newcastle,450,0.310570102,0.815566552
Newcastle,451,0.307851987,0.815566552
Newcastle,452,0.307851987,0.812718085
Newcastle,459,0.305123271,0.812718085
Newcastle,468,0.305123271,0.809829728
Newcastle,470,0.302389522,0.809829728
Newcastle,471,0.299672487,0.809829728
Newcastle,472,0.296965536,0.809829728
Newcastle,473,0.294247082,0.809829728
Newcastle,474,0.28882088,0.809829728
Newcastle,475,0.28882088,0.806819519
Newcastle,481,0.286083405,0.806819519
Newcastle,482,0.283362144,0.806819519
Newcastle,488,0.280656601,0.806819519
Newcastle,494,0.277964269,0.803711233
Newcastle,498,0.275263444,0.803711233
Newcastle,502,0.272578103,0.800545176
Newcastle,503,0.269879196,0.800545176
Newcastle,506,0.269879196,0.797330938
Newcastle,512,0.267169138,0.797330938
Newcastle,513,0.267169138,0.790890179
Newcastle,517,0.264417067,0.790890179
Newcastle,519,0.261680768,0.790890179
Newcastle,525,0.261680768,0.787579102
Newcastle,526,0.258923693,0.784269887
Newcastle,527,0.256138223,0.784269887
Newcastle,531,0.253361774,0.784269887
Newcastle,533,0.250588699,0.784269887
Newcastle,534,0.247828066,0.780858154
Newcastle,541,0.247828066,0.777384603
Newcastle,547,0.245040836,0.777384603
Newcastle,553,0.245040836,0.773879236
Newcastle,558,0.242228874,0.770336932
Newcastle,559,0.239417807,0.770336932
Newcastle,560,0.236575885,0.766767786
Newcastle,566,0.23374173,0.766767786
Newcastle,576,0.228106105,0.766767786
Newcastle,578,0.225256088,0.766767786
Newcastle,579,0.222428506,0.766767786
Newcastle,583,0.219586405,0.766767786
Newcastle,585,0.219586405,0.763043882
Newcastle,586,0.216747299,0.763043882
Newcastle,589,0.213934138,0.763043882
Newcastle,590,0.213934138,0.759226931
Newcastle,591,0.211117104,0.755395714
Newcastle,595,0.20829923,0.755395714
Newcastle,599,0.205497811,0.755395714
Newcastle,600,0.202704678,0.755395714
Newcastle,602,0.202704678,0.751409073
Newcastle,604,0.199887364,0.751409073
Newcastle,606,0.19707005,0.747368478
Newcastle,608,0.191462577,0.747368478
Newcastle,615,0.188674098,0.747368478
Newcastle,616,0.185903137,0.747368478
Newcastle,617,0.185903137,0.743133729
Newcastle,619,0.183135195,0.743133729
Newcastle,627,0.180392874,0.743133729
Newcastle,630,0.177666461,0.743133729
Newcastle,633,0.174959061,0.743133729
Newcastle,637,0.172264691,0.743133729
Newcastle,638,0.16959521,0.743133729
Newcastle,642,0.166950683,0.743133729
Newcastle,645,0.166950683,0.738636819
Newcastle,646,0.164264508,0.738636819
Newcastle,647,0.161601461,0.734118157
Newcastle,651,0.15630226,0.734118157
Newcastle,654,0.153653392,0.734118157
Newcastle,655,0.153653392,0.729348877
Newcastle,665,0.151007884,0.729348877
Newcastle,666,0.151007884,0.72448114
Newcastle,670,0.148357606,0.72448114
Newcastle,672,0.14573541,0.72448114
Newcastle,673,0.143139125,0.72448114
Newcastle,680,0.133124347,0.72448114
Newcastle,682,0.133124347,0.719085452
Newcastle,683,0.13056681,0.708310784
Newcastle,694,0.13056681,0.702538346
Newcastle,699,0.127967596,0.702538346
Newcastle,702,0.125394431,0.702538346
Newcastle,709,0.125394431,0.696586329
Newcastle,721,0.122795806,0.696586329
Newcastle,729,0.122795806,0.690540839
Newcastle,730,0.120213616,0.690540839
Newcastle,734,0.120213616,0.684466802
Newcastle,735,0.117591313,0.684466802
Newcastle,744,0.117591313,0.67828985
Newcastle,762,0.114964239,0.67828985
Newcastle,770,0.114964239,0.671819587
Newcastle,771,0.1123129,0.671819587
Newcastle,778,0.1123129,0.665226628
Newcastle,791,0.1123129,0.65846765
Newcastle,805,0.109546207,0.65846765
Newcastle,809,0.106796368,0.65846765
Newcastle,819,0.104042698,0.65846765
Newcastle,821,0.101317208,0.65846765
Newcastle,826,0.101317208,0.650953836
Newcastle,827,0.098517249,0.650953836
Newcastle,831,0.098517249,0.64322147
Newcastle,845,0.095695243,0.64322147
Newcastle,855,0.092826132,0.635151266
Newcastle,856,0.089947132,0.635151266
Newcastle,864,0.087043412,0.635151266
Newcastle,865,0.087043412,0.626351839
Newcastle,876,0.084059432,0.626351839
Newcastle,879,0.081117154,0.626351839
Newcastle,883,0.078244761,0.626351839
Newcastle,917,0.075437012,0.626351839
Newcastle,919,0.072693744,0.626351839
Newcastle,921,0.069984573,0.626351839
Newcastle,931,0.067319595,0.626351839
Newcastle,934,0.067319595,0.616294797
Newcastle,954,0.067319595,0.606135254
Newcastle,1007,0.067319595,0.595062022
Newcastle,1015,0.067319595,0.583998785
Newcastle,1016,0.064301298,0.583998785
Newcastle,1046,0.061380302,0.583998785
Newcastle,1048,0.058522924,0.583998785
Newcastle,1054,0.055746813,0.583998785
Newcastle,1078,0.053081624,0.583998785
Newcastle,1081,0.053081624,0.570993521
Newcastle,1092,0.053081624,0.557729388
Newcastle,1095,0.053081624,0.557729388
Papworth,0,1,1
Papworth,0,1,0.998961287
Papworth,3,0.988901071,0.998961287
Papworth,4,0.981492396,0.998961287
Papworth,5,0.974092294,0.998961287
Papworth,6,0.966706804,0.998961287
Papworth,7,0.955629109,0.998961287
Papworth,9,0.951924795,0.998961287
Papworth,11,0.940866254,0.998961287
Papworth,12,0.937189353,0.997869992
Papworth,13,0.933505201,0.997869992
Papworth,14,0.926159454,0.996771107
Papworth,15,0.922477284,0.996771107
Papworth,16,0.91879774,0.996771107
Papworth,17,0.900568619,0.99566266
Papworth,18,0.88956935,0.99566266
Papworth,19,0.88590006,0.99566266
Papworth,20,0.882230948,0.99566266
Papworth,21,0.878553126,0.99566266
Papworth,22,0.874878652,0.993379506
Papworth,25,0.871176388,0.992223737
Papworth,26,0.849185825,0.992223737
Papworth,27,0.8418029,0.992223737
Papworth,28,0.834440697,0.992223737
Papworth,30,0.827105051,0.992223737
Papworth,32,0.823434323,0.992223737
Papworth,33,0.816112386,0.992223737
Papworth,34,0.812442346,0.992223737
Papworth,35,0.808770356,0.992223737
Papworth,37,0.797825885,0.992223737
Papworth,39,0.794179821,0.990975986
Papworth,40,0.783243441,0.990975986
Papworth,42,0.77958683,0.988428112
Papworth,43,0.775891893,0.987149169
Papworth,44,0.764843272,0.987149169
Papworth,46,0.75011768,0.987149169
Papworth,48,0.746412453,0.985831664
Papworth,49,0.742694978,0.985831664
Papworth,50,0.738974182,0.98317445
Papworth,51,0.735229602,0.98317445
Papworth,52,0.727758111,0.98317445
Papworth,55,0.716546962,0.981804598
Papworth,56,0.70901386,0.980417328
Papworth,57,0.69392934,0.980417328
Papworth,61,0.690121832,0.978998454
Papworth,62,0.678769754,0.978998454
Papworth,63,0.671137363,0.976101294
Papworth,64,0.667271299,0.976101294
Papworth,65,0.659582064,0.976101294
Papworth,67,0.65187607,0.976101294
Papworth,69,0.65187607,0.974602764
Papworth,70,0.644096143,0.974602764
Papworth,76,0.644096143,0.973085064
Papworth,77,0.640157043,0.973085064
Papworth,78,0.636224517,0.973085064
Papworth,79,0.632306793,0.973085064
Papworth,81,0.62838496,0.973085064
Papworth,83,0.620578471,0.973085064
Papworth,86,0.620578471,0.97153302
Papworth,87,0.616618025,0.97153302
Papworth,88,0.612663777,0.97153302
Papworth,89,0.612663777,0.968404068
Papworth,92,0.608673792,0.968404068
Papworth,93,0.600736611,0.968404068
Papworth,94,0.592814942,0.968404068
Papworth,95,0.584902596,0.968404068
Papworth,96,0.580945237,0.968404068
Papworth,98,0.576997956,0.968404068
Papworth,99,0.573042035,0.966738255
Papworth,100,0.569073236,0.965064876
Papworth,101,0.56510242,0.965064876
Papworth,104,0.561135885,0.965064876
Papworth,105,0.557177662,0.965064876
Papworth,106,0.553224571,0.965064876
Papworth,109,0.545366894,0.965064876
Papworth,112,0.541391967,0.965064876
Papworth,114,0.537417155,0.965064876
Papworth,116,0.533460923,0.965064876
Papworth,118,0.517712629,0.965064876
Papworth,120,0.509874686,0.965064876
Papworth,122,0.498233684,0.965064876
Papworth,124,0.494337658,0.965064876
Papworth,126,0.486595627,0.965064876
Papworth,128,0.478861795,0.965064876
Papworth,129,0.474991073,0.965064876
Papworth,130,0.467298471,0.965064876
Papworth,131,0.463442463,0.965064876
Papworth,132,0.463442463,0.963182141
Papworth,133,0.463442463,0.961270936
Papworth,136,0.45957406,0.961270936
Papworth,140,0.455689495,0.961270936
Papworth,143,0.455689495,0.959325555
Papworth,146,0.451785432,0.957367929
Papworth,147,0.451785432,0.955371147
Papworth,149,0.447820765,0.955371147
Papworth,150,0.443853279,0.955371147
Papworth,152,0.439890756,0.955371147
Papworth,154,0.435936524,0.955371147
Papworth,155,0.431987538,0.955371147
Papworth,158,0.431987538,0.953278867
Papworth,159,0.428044628,0.953278867
Papworth,160,0.424113082,0.953278867
Papworth,163,0.420194434,0.953278867
Papworth,165,0.416279673,0.953278867
Papworth,166,0.41235514,0.953278867
Papworth,169,0.408450442,0.953278867
Papworth,174,0.408450442,0.951089394
Papworth,175,0.404531914,0.951089394
Papworth,176,0.400609958,0.951089394
Papworth,178,0.400609958,0.948863305
Papworth,180,0.400609958,0.946619392
Papworth,181,0.396659753,0.946619392
Papworth,182,0.39267091,0.942080855
Papworth,183,0.388651097,0.942080855
Papworth,188,0.384651708,0.942080855
Papworth,190,0.380624922,0.942080855
Papworth,191,0.376603437,0.942080855
Papworth,193,0.372604129,0.942080855
Papworth,194,0.372604129,0.939668564
Papworth,197,0.368613864,0.939668564
Papworth,200,0.356858692,0.939668564
Papworth,201,0.352879998,0.939668564
Papworth,203,0.348917461,0.939668564
Papworth,204,0.348917461,0.937184583
Papworth,205,0.344937087,0.937184583
Papworth,209,0.340956287,0.937184583
Papworth,223,0.340956287,0.934687463
Papworth,224,0.329191328,0.934687463
Papworth,225,0.325221231,0.934687463
Papworth,226,0.317362603,0.934687463
Papworth,227,0.317362603,0.932122341
Papworth,228,0.313398435,0.932122341
Papworth,232,0.30944994,0.929500568
Papworth,233,0.305516864,0.929500568
Papworth,235,0.305516864,0.926800832
Papworth,237,0.301509856,0.924080076
Papworth,239,0.301509856,0.92134778
Papworth,241,0.297492791,0.92134778
Papworth,242,0.293448369,0.92134778
Papworth,244,0.289405211,0.92134778
Papworth,248,0.28536735,0.92134778
Papworth,251,0.281362343,0.918551739
Papworth,254,0.277359458,0.918551739
Papworth,257,0.273395497,0.918551739
Papworth,258,0.269457019,0.915580618
Papworth,259,0.265524095,0.915580618
Papworth,261,0.265524095,0.912533457
Papworth,263,0.261553193,0.912533457
Papworth,266,0.257608773,0.912533457
Papworth,268,0.253656113,0.912533457
Papworth,271,0.253656113,0.909406494
Papworth,273,0.253656113,0.906264471
Papworth,274,0.249595843,0.906264471
Papworth,282,0.245561435,0.906264471
Papworth,286,0.241564611,0.906264471
Papworth,288,0.241564611,0.903072016
Papworth,294,0.233486002,0.899868233
Papworth,295,0.229337377,0.899868233
Papworth,297,0.225238448,0.899868233
Papworth,302,0.225238448,0.896486919
Papworth,304,0.225238448,0.893019945
Papworth,306,0.221105104,0.893019945
Papworth,310,0.221105104,0.889278249
Papworth,319,0.216953564,0.889278249
Papworth,320,0.216953564,0.885397543
Papworth,327,0.212807313,0.885397543
Papworth,330,0.208683882,0.881482257
Papworth,336,0.200404821,0.877394484
Papworth,338,0.196271108,0.873231172
Papworth,342,0.196271108,0.868944111
Papworth,353,0.191965023,0.864614742
Papworth,355,0.191965023,0.860240988
Papworth,361,0.191965023,0.855843242
Papworth,364,0.191965023,0.85139944
Papworth,371,0.187519153,0.85139944
Papworth,383,0.187519153,0.846781669
Papworth,385,0.183078374,0.846781669
Papworth,386,0.178662582,0.846781669
Papworth,390,0.170080714,0.846781669
Papworth,392,0.170080714,0.841485948
Papworth,399,0.170080714,0.83617198
Papworth,400,0.170080714,0.830843897
Papworth,402,0.165564557,0.830843897
Papworth,412,0.161105807,0.830843897
Papworth,413,0.156558182,0.830843897
Papworth,424,0.152030135,0.830843897
Papworth,428,0.147557698,0.830843897
Papworth,444,0.147557698,0.825230058
Papworth,448,0.147557698,0.819499456
Papworth,453,0.143028121,0.819499456
Papworth,456,0.143028121,0.813589879
Papworth,469,0.138513952,0.813589879
Papworth,473,0.134065184,0.813589879
Papworth,477,0.134065184,0.807442112
Papworth,481,0.129671658,0.807442112
Papworth,492,0.129671658,0.801119617
Papworth,497,0.12517508,0.801119617
Papworth,501,0.120777573,0.801119617
Papworth,502,0.112278901,0.801119617
Papworth,514,0.112278901,0.78739041
Papworth,525,0.107693121,0.78739041
Papworth,530,0.103237855,0.78739041
Papworth,541,0.098936308,0.78739041
Papworth,543,0.094711455,0.78739041
Papworth,565,0.090595298,0.78739041
Papworth,586,0.086499826,0.78739041
Papworth,595,0.082497765,0.78739041
Papworth,598,0.07857524,0.779066058
Papworth,607,0.074588057,0.779066058
Papworth,609,0.074588057,0.770108889
Papworth,616,0.070480579,0.770108889
Papworth,620,0.066354134,0.770108889
Papworth,623,0.062340238,0.770108889
Papworth,626,0.054763496,0.770108889
Papworth,645,0.051049118,0.770108889
Papworth,647,0.051049118,0.759458165
Papworth,654,0.047380437,0.759458165
Papworth,664,0.043851566,0.759458165
Papworth,688,0.040508609,0.759458165
Papworth,689,0.037331693,0.747731258
Papworth,692,0.034113084,0.747731258
Papworth,721,0.034113084,0.734925014
Papworth,725,0.034113084,0.709355459
Papworth,747,0.034113084,0.693578874
Papworth,796,0.03046045,0.693578874
Papworth,827,0.026816727,0.693578874
Papworth,832,0.023355938,0.693578874
Papworth,840,0.023355938,0.674356988
Papworth,855,0.0200909,0.674356988
Papworth,899,0.0200909,0.653107124
Papworth,979,0.016655843,0.653107124
Papworth,1001,0.013562424,0.653107124
Papworth,1033,0.013562424,0.620747933
Papworth,1048,0.010305759,0.620747933
Papworth,1095,0.010305759,0.620747933
Harefield,0,1,1
Harefield,0,0.997844094,1
Harefield,1,0.993526937,1
Harefield,2,0.989209049,1
Harefield,4,0.987042301,1
Harefield,6,0.982705276,0.999123017
Harefield,7,0.976194671,0.999123017
Harefield,9,0.971859293,0.999123017
Harefield,10,0.96750426,0.998236587
Harefield,11,0.965310304,0.998236587
Harefield,12,0.958727663,0.998236587
Harefield,13,0.956522159,0.998236587
Harefield,15,0.954315091,0.998236587
Harefield,16,0.943313013,0.998236587
Harefield,17,0.936690511,0.998236587
Harefield,18,0.936690511,0.997322368
Harefield,19,0.932255137,0.996408414
Harefield,20,0.927809609,0.996408414
Harefield,21,0.923370903,0.995484346
Harefield,22,0.918940578,0.994553898
Harefield,23,0.916720139,0.993618889
Harefield,24,0.914499288,0.993618889
Harefield,26,0.914499288,0.992680806
Harefield,28,0.910048056,0.992680806
Harefield,30,0.907823447,0.992680806
Harefield,31,0.907823447,0.991736081
Harefield,32,0.905591405,0.991736081
Harefield,33,0.90335914,0.991736081
Harefield,35,0.896663617,0.991736081
Harefield,36,0.892195646,0.991736081
Harefield,38,0.88995001,0.990774969
Harefield,40,0.887694907,0.990774969
Harefield,41,0.880931836,0.990774969
Harefield,43,0.878666515,0.989805809
Harefield,45,0.8763929,0.989805809
Harefield,46,0.871854069,0.988826782
Harefield,47,0.865025077,0.988826782
Harefield,48,0.853686568,0.988826782
Harefield,50,0.851399426,0.988826782
Harefield,51,0.849114912,0.988826782
Harefield,52,0.846830224,0.988826782
Harefield,53,0.842266473,0.987827601
Harefield,54,0.839977385,0.987827601
Harefield,55,0.839977385,0.985818767
Harefield,58,0.837677301,0.985818767
Harefield,59,0.835374266,0.985818767
Harefield,60,0.83307136,0.985818767
Harefield,61,0.830769422,0.985818767
Harefield,63,0.82846731,0.985818767
Harefield,65,0.826165435,0.984797447
Harefield,66,0.821552531,0.984797447
Harefield,67,0.816935904,0.984797447
Harefield,68,0.814627282,0.984797447
Harefield,69,0.812321173,0.984797447
Harefield,70,0.810016481,0.982733617
Harefield,72,0.80770254,0.982733617
Harefield,73,0.800780663,0.981695144
Harefield,75,0.793835503,0.981695144
Harefield,76,0.793835503,0.979586709
Harefield,77,0.789176372,0.979586709
Harefield,78,0.786850439,0.979586709
Harefield,79,0.782210122,0.979586709
Harefield,81,0.77988671,0.979586709
Harefield,82,0.775253428,0.979586709
Harefield,84,0.772933342,0.979586709
Harefield,85,0.772933342,0.978514632
Harefield,87,0.765970677,0.978514632
Harefield,90,0.763648458,0.977434964
Harefield,91,0.76132413,0.977434964
Harefield,93,0.752084273,0.977434964
Harefield,95,0.745134782,0.977434964
Harefield,97,0.742805797,0.976339132
Harefield,98,0.740475877,0.975239288
Harefield,99,0.738141645,0.975239288
Harefield,100,0.735807115,0.975239288
Harefield,101,0.735807115,0.974132907
Harefield,103,0.731145207,0.973016355
Harefield,104,0.726471728,0.973016355
Harefield,106,0.721806105,0.973016355
Harefield,107,0.71947148,0.973016355
Harefield,108,0.71947148,0.971880867
Harefield,109,0.717131415,0.970743881
Harefield,110,0.712449276,0.970743881
Harefield,112,0.710109992,0.970743881
Harefield,114,0.707774508,0.970743881
Harefield,115,0.705440891,0.970743881
Harefield,116,0.703110026,0.969584353
Harefield,117,0.693819054,0.969584353
Harefield,119,0.693819054,0.968410889
Harefield,120,0.693819054,0.967235377
Harefield,121,0.689115518,0.966058727
Harefield,123,0.686753905,0.964874104
Harefield,125,0.684386368,0.964874104
Harefield,127,0.682021977,0.964874104
Harefield,129,0.677308604,0.964874104
Harefield,131,0.672589237,0.964874104
Harefield,133,0.670229389,0.964874104
Harefield,134,0.667869177,0.964874104
Harefield,137,0.665504944,0.963663502
Harefield,140,0.665504944,0.962442307
Harefield,141,0.66313014,0.962442307
Harefield,142,0.66313014,0.961217258
Harefield,143,0.660753936,0.95998699
Harefield,144,0.658377077,0.95998699
Harefield,146,0.658377077,0.958749492
Harefield,147,0.65598384,0.958749492
Harefield,148,0.64882915,0.957509094
Harefield,149,0.644056736,0.957509094
Harefield,150,0.636893623,0.956253434
Harefield,151,0.634492929,0.956253434
Harefield,152,0.634492929,0.954978774
Harefield,153,0.634492929,0.953700613
Harefield,155,0.632074858,0.953700613
Harefield,156,0.632074858,0.952416312
Harefield,158,0.629653264,0.951129917
Harefield,160,0.629653264,0.949829173
Harefield,161,0.629653264,0.948526755
Harefield,162,0.627214627,0.948526755
Harefield,163,0.622357077,0.94721742
Harefield,164,0.619902219,0.94721742
Harefield,165,0.619902219,0.945897231
Harefield,166,0.617444309,0.943243012
Harefield,167,0.61497656,0.943243012
Harefield,171,0.61497656,0.941907703
Harefield,172,0.612510716,0.941907703
Harefield,174,0.610046285,0.941907703
Harefield,175,0.610046285,0.940551351
Harefield,176,0.607570898,0.935124869
Harefield,177,0.607570898,0.93374067
Harefield,179,0.605076341,0.932357168
Harefield,180,0.602564953,0.932357168
Harefield,181,0.600055473,0.932357168
Harefield,182,0.597550013,0.930958902
Harefield,183,0.595044945,0.930958902
Harefield,184,0.592546675,0.929540214
Harefield,186,0.585067018,0.928112229
Harefield,187,0.585067018,0.926670035
Harefield,188,0.580038295,0.926670035
Harefield,190,0.577519271,0.926670035
Harefield,193,0.574998259,0.926670035
Harefield,194,0.572474246,0.926670035
Harefield,195,0.567447444,0.926670035
Harefield,196,0.562416364,0.925196623
Harefield,197,0.559890405,0.925196623
Harefield,198,0.557364135,0.925196623
Harefield,199,0.554837015,0.925196623
Harefield,203,0.554837015,0.923707803
Harefield,205,0.552307892,0.923707803
Harefield,207,0.549781665,0.923707803
Harefield,210,0.549781665,0.920694592
Harefield,214,0.547228541,0.920694592
Harefield,217,0.539621788,0.920694592
Harefield,225,0.539621788,0.919160434
Harefield,226,0.539621788,0.917608582
Harefield,230,0.537067895,0.917608582
Harefield,232,0.534519809,0.917608582
Harefield,233,0.531974792,0.917608582
Harefield,234,0.529428143,0.916033449
Harefield,238,0.526882092,0.916033449
Harefield,248,0.524341471,0.916033449
Harefield,251,0.524341471,0.914443342
Harefield,253,0.52179911,0.914443342
Harefield,254,0.51926253,0.914443342
Harefield,256,0.51926253,0.912837303
Harefield,258,0.51926253,0.911226779
Harefield,260,0.516714729,0.911226779
Harefield,261,0.514173458,0.911226779
Harefield,262,0.511636367,0.911226779
Harefield,263,0.511636367,0.90960811
Harefield,264,0.509092089,0.90960811
Harefield,265,0.504028618,0.90960811
Harefield,267,0.498961712,0.907972979
Harefield,270,0.496418485,0.906319312
Harefield,271,0.491340854,0.906319312
Harefield,272,0.488807111,0.904652887
Harefield,274,0.4862734,0.904652887
Harefield,275,0.483737504,0.904652887
Harefield,277,0.483737504,0.902971834
Harefield,281,0.483737504,0.901289034
Harefield,284,0.481182681,0.901289034
Harefield,286,0.478631706,0.89960467
Harefield,287,0.476058838,0.89960467
Harefield,290,0.473491678,0.89960467
Harefield,294,0.468378785,0.89960467
Harefield,297,0.465830803,0.89960467
Harefield,298,0.465830803,0.897891216
Harefield,299,0.463273019,0.897891216
Harefield,300,0.463273019,0.896166895
Harefield,301,0.460714864,0.894428031
Harefield,303,0.458155925,0.894428031
Harefield,305,0.455604854,0.894428031
Harefield,309,0.45305054,0.894428031
Harefield,311,0.450500965,0.894428031
Harefield,312,0.447952187,0.894428031
Harefield,313,0.447952187,0.890852097
Harefield,318,0.445389778,0.889050664
Harefield,319,0.442830818,0.889050664
Harefield,320,0.440278917,0.889050664
Harefield,321,0.437728039,0.889050664
Harefield,322,0.437728039,0.887229732
Harefield,324,0.435165556,0.887229732
Harefield,329,0.430054842,0.887229732
Harefield,330,0.427497342,0.887229732
Harefield,337,0.427497342,0.885392506
Harefield,341,0.424944259,0.885392506
Harefield,342,0.424944259,0.883529706
Harefield,345,0.424944259,0.88166034
Harefield,347,0.42235765,0.88166034
Harefield,348,0.41977887,0.877891034
Harefield,354,0.41718957,0.875994404
Harefield,357,0.414601763,0.875994404
Harefield,358,0.414601763,0.872176984
Harefield,360,0.414601763,0.870237344
Harefield,364,0.414601763,0.868295561
Harefield,365,0.411959086,0.868295561
Harefield,367,0.409325737,0.868295561
Harefield,369,0.406696249,0.868295561
Harefield,372,0.406696249,0.8663317
Harefield,375,0.404056429,0.8663317
Harefield,376,0.401415852,0.8663317
Harefield,378,0.401415852,0.862368529
Harefield,379,0.401415852,0.860375151
Harefield,382,0.401415852,0.856360587
Harefield,383,0.398741936,0.856360587
Harefield,384,0.396062497,0.856360587
Harefield,385,0.393387951,0.856360587
Harefield,387,0.393387951,0.854314145
Harefield,388,0.390694723,0.854314145
Harefield,389,0.38800068,0.854314145
Harefield,390,0.38531517,0.854314145
Harefield,395,0.382612242,0.850184359
Harefield,400,0.382612242,0.848097544
Harefield,404,0.382612242,0.846011313
Harefield,407,0.382612242,0.843921865
Harefield,408,0.382612242,0.841817685
Harefield,409,0.382612242,0.839704183
Harefield,410,0.379813007,0.839704183
Harefield,411,0.379813007,0.837564192
Harefield,413,0.37701172,0.837564192
Harefield,414,0.37701172,0.835413982
Harefield,415,0.37701172,0.833261716
Harefield,416,0.374147883,0.833261716
Harefield,423,0.374147883,0.831075623
Harefield,425,0.374147883,0.82887969
Harefield,429,0.371237833,0.82887969
Harefield,433,0.371237833,0.826679414
Harefield,434,0.36833826,0.826679414
Harefield,437,0.36833826,0.824471161
Harefield,438,0.365443063,0.824471161
Harefield,442,0.362541753,0.824471161
Harefield,444,0.359653267,0.824471161
Harefield,450,0.356772059,0.824471161
Harefield,456,0.353904899,0.824471161
Harefield,462,0.353904899,0.822189843
Harefield,466,0.353904899,0.819904025
Harefield,472,0.353904899,0.817607684
Harefield,473,0.353904899,0.8152922
Harefield,478,0.348077442,0.8152922
Harefield,481,0.348077442,0.812951821
Harefield,485,0.345159316,0.812951821
Harefield,498,0.345159316,0.810592194
Harefield,499,0.339316063,0.808216974
Harefield,500,0.339316063,0.80581763
Harefield,503,0.336353381,0.80581763
Harefield,511,0.336353381,0.801019761
Harefield,512,0.333370333,0.801019761
Harefield,516,0.327438412,0.801019761
Harefield,520,0.327438412,0.798563113
Harefield,524,0.32441626,0.798563113
Harefield,528,0.321391565,0.798563113
Harefield,531,0.31837574,0.798563113
Harefield,539,0.315342141,0.796072063
Harefield,540,0.312307122,0.793532323
Harefield,543,0.312307122,0.790960814
Harefield,544,0.312307122,0.78837454
Harefield,545,0.309232366,0.78837454
Harefield,548,0.30614999,0.785747843
Harefield,551,0.299998047,0.785747843
Harefield,554,0.296939089,0.785747843
Harefield,555,0.293876186,0.785747843
Harefield,556,0.290826327,0.785747843
Harefield,563,0.290826327,0.782989485
Harefield,564,0.290826327,0.780220369
Harefield,566,0.284720335,0.780220369
Harefield,567,0.284720335,0.777396882
Harefield,570,0.284720335,0.774553283
Harefield,571,0.284720335,0.77169489
Harefield,579,0.281607038,0.77169489
Harefield,591,0.281607038,0.768785894
Harefield,592,0.278464948,0.765874573
Harefield,596,0.278464948,0.762903075
Harefield,600,0.275292274,0.762903075
Harefield,601,0.275292274,0.759916277
Harefield,605,0.275292274,0.756900961
Harefield,626,0.275292274,0.753889831
Harefield,630,0.275292274,0.750854603
Harefield,631,0.272010179,0.750854603
Harefield,638,0.272010179,0.747800285
Harefield,640,0.272010179,0.744747634
Harefield,642,0.272010179,0.741693253
Harefield,658,0.272010179,0.738619081
Harefield,660,0.272010179,0.735505904
Harefield,662,0.268577499,0.732380307
Harefield,665,0.268577499,0.729239183
Harefield,668,0.265146366,0.726067539
Harefield,674,0.261708051,0.726067539
Harefield,675,0.261708051,0.722791165
Harefield,676,0.258224145,0.722791165
Harefield,691,0.258224145,0.719453013
Harefield,693,0.254704209,0.719453013
Harefield,697,0.251213195,0.719453013
Harefield,699,0.251213195,0.716066005
Harefield,702,0.251213195,0.712672461
Harefield,716,0.247698585,0.712672461
Harefield,717,0.244202928,0.712672461
Harefield,735,0.240716489,0.709163201
Harefield,739,0.237216165,0.709163201
Harefield,744,0.233727669,0.705547179
Harefield,749,0.233727669,0.701871996
Harefield,751,0.230140194,0.701871996
Harefield,759,0.226594072,0.701871996
Harefield,762,0.223068561,0.701871996
Harefield,772,0.219467177,0.701871996
Harefield,773,0.219467177,0.698029003
Harefield,774,0.219467177,0.694153049
Harefield,777,0.219467177,0.690250559
Harefield,797,0.219467177,0.68631227
Harefield,800,0.219467177,0.682313083
Harefield,804,0.215601219,0.682313083
Harefield,806,0.215601219,0.678296477
Harefield,822,0.215601219,0.674248746
Harefield,823,0.211711924,0.674248746
Harefield,840,0.211711924,0.670056988
Harefield,867,0.207622243,0.670056988
Harefield,875,0.199511644,0.670056988
Harefield,877,0.199511644,0.665447409
Harefield,879,0.199511644,0.660831643
Harefield,881,0.195354875,0.660831643
Harefield,893,0.191156435,0.656008746
Harefield,895,0.191156435,0.65108244
Harefield,904,0.186859582,0.65108244
Harefield,909,0.186859582,0.64604584
Harefield,912,0.186859582,0.640938079
Harefield,921,0.186859582,0.635774908
Harefield,929,0.186859582,0.63048318
Harefield,937,0.182287268,0.63048318
Harefield,942,0.182287268,0.624987331
Harefield,951,0.173258064,0.624987331
Harefield,956,0.168694929,0.624987331
Harefield,967,0.168694929,0.619326453
Harefield,1003,0.164047064,0.619326453
Harefield,1007,0.159482794,0.619326453
Harefield,1008,0.159482794,0.613104802
Harefield,1021,0.154774897,0.613104802
Harefield,1050,0.154774897,0.606569733
Harefield,1057,0.150005426,0.606569733
Harefield,1063,0.145259856,0.606569733
Harefield,1074,0.136059042,0.606569733
Harefield,1094,0.136059042,0.599624094
Harefield,1095,0.136059042,0.599624094
Birmingham,0,1,1
Birmingham,3,0.980016651,1
Birmingham,4,0.973288783,1
Birmingham,8,0.966583628,1
Birmingham,9,0.959896573,1
Birmingham,10,0.953223464,0.99771507
Birmingham,11,0.953223464,0.99537841
Birmingham,12,0.946457917,0.99537841
Birmingham,13,0.926359557,0.99537841
Birmingham,15,0.912889953,0.99537841
Birmingham,17,0.906088939,0.99537841
Birmingham,18,0.89926517,0.99537841
Birmingham,22,0.892421648,0.99537841
Birmingham,24,0.892421648,0.992953471
Birmingham,25,0.885531165,0.992953471
Birmingham,27,0.878632731,0.992953471
Birmingham,29,0.871745113,0.992953471
Birmingham,30,0.864881378,0.990450948
Birmingham,33,0.851165921,0.990450948
Birmingham,34,0.844333264,0.990450948
Birmingham,35,0.837512848,0.990450948
Birmingham,37,0.830693137,0.990450948
Birmingham,38,0.82387608,0.990450948
Birmingham,40,0.82387608,0.987760357
Birmingham,42,0.810270973,0.987760357
Birmingham,43,0.810270973,0.985056524
Birmingham,47,0.803428174,0.985056524
Birmingham,48,0.803428174,0.979509618
Birmingham,50,0.803428174,0.976701526
Birmingham,51,0.796460657,0.976701526
Birmingham,52,0.789501901,0.976701526
Birmingham,53,0.775613289,0.976701526
Birmingham,54,0.768628861,0.976701526
Birmingham,55,0.761673498,0.973776508
Birmingham,56,0.761673498,0.970835435
Birmingham,57,0.754576311,0.970835435
Birmingham,58,0.754576311,0.967880326
Birmingham,59,0.747463233,0.964921829
Birmingham,60,0.747463233,0.958986098
Birmingham,63,0.740213436,0.958986098
Birmingham,64,0.740213436,0.95591108
Birmingham,65,0.725720256,0.95591108
Birmingham,68,0.718488223,0.95591108
Birmingham,71,0.711248353,0.95591108
Birmingham,77,0.70399755,0.95591108
Birmingham,78,0.70399755,0.95269851
Birmingham,80,0.68922716,0.95269851
Birmingham,83,0.681843611,0.95269851
Birmingham,95,0.674487419,0.95269851
Birmingham,97,0.674487419,0.946089544
Birmingham,102,0.66704086,0.946089544
Birmingham,103,0.659600408,0.946089544
Birmingham,108,0.652196045,0.946089544
Birmingham,109,0.644844523,0.946089544
Birmingham,111,0.637521884,0.939024541
Birmingham,113,0.630048453,0.939024541
Birmingham,114,0.622579586,0.939024541
Birmingham,118,0.622579586,0.93535937
Birmingham,123,0.615115383,0.93535937
Birmingham,126,0.607715261,0.93535937
Birmingham,128,0.607715261,0.931628127
Birmingham,131,0.607715261,0.927898681
Birmingham,132,0.600211764,0.927898681
Birmingham,133,0.585291243,0.927898681
Birmingham,139,0.577739404,0.927898681
Birmingham,147,0.56278527,0.927898681
Birmingham,148,0.555271397,0.927898681
Birmingham,150,0.547779581,0.927898681
Birmingham,156,0.547779581,0.923795394
Birmingham,157,0.547779581,0.919690907
Birmingham,159,0.54010017,0.919690907
Birmingham,161,0.532507533,0.919690907
Birmingham,162,0.524969368,0.919690907
Birmingham,163,0.517304784,0.919690907
Birmingham,167,0.509676455,0.919690907
Birmingham,177,0.509676455,0.9153911
Birmingham,178,0.509676455,0.911032309
Birmingham,183,0.501978846,0.911032309
Birmingham,189,0.494350076,0.911032309
Birmingham,192,0.479328308,0.911032309
Birmingham,196,0.471531749,0.911032309
Birmingham,199,0.463797819,0.911032309
Birmingham,213,0.455942776,0.911032309
Birmingham,217,0.455942776,0.906332675
Birmingham,218,0.448097452,0.906332675
Birmingham,220,0.440300595,0.906332675
Birmingham,221,0.432590388,0.906332675
Birmingham,224,0.432590388,0.901343376
Birmingham,225,0.424860121,0.901343376
Birmingham,231,0.41711527,0.896213447
Birmingham,235,0.41711527,0.890986923
Birmingham,243,0.409146427,0.890986923
Birmingham,248,0.409146427,0.885507208
Birmingham,262,0.409146427,0.879942142
Birmingham,269,0.401061549,0.879942142
Birmingham,273,0.401061549,0.874305895
Birmingham,275,0.392911977,0.874305895
Birmingham,279,0.384713932,0.868535772
Birmingham,280,0.376492567,0.868535772
Birmingham,281,0.368205497,0.868535772
Birmingham,282,0.359904586,0.868535772
Birmingham,289,0.351589466,0.868535772
Birmingham,292,0.351589466,0.862292628
Birmingham,304,0.351589466,0.855657649
Birmingham,307,0.343191693,0.855657649
Birmingham,309,0.334855997,0.855657649
Birmingham,315,0.334855997,0.848629462
Birmingham,317,0.326303391,0.848629462
Birmingham,318,0.317687284,0.848629462
Birmingham,323,0.317687284,0.841149664
Birmingham,329,0.317687284,0.833421472
Birmingham,332,0.308926918,0.833421472
Birmingham,353,0.300180747,0.833421472
Birmingham,359,0.291216108,0.833421472
Birmingham,370,0.282442728,0.833421472
Birmingham,371,0.273839884,0.833421472
Birmingham,392,0.265118264,0.833421472
Birmingham,397,0.265118264,0.824543498
Birmingham,405,0.256262616,0.824543498
Birmingham,414,0.256262616,0.815585438
Birmingham,419,0.256262616,0.806527496
Birmingham,426,0.247316356,0.806527496
Birmingham,427,0.247316356,0.797216705
Birmingham,428,0.247316356,0.787765311
Birmingham,438,0.238230194,0.787765311
Birmingham,450,0.238230194,0.778064541
Birmingham,460,0.228797351,0.778064541
Birmingham,463,0.228797351,0.768285926
Birmingham,499,0.218874608,0.768285926
Birmingham,501,0.209129935,0.768285926
Birmingham,504,0.209129935,0.758151753
Birmingham,509,0.199211937,0.758151753
Birmingham,511,0.189337623,0.758151753
Birmingham,514,0.179727939,0.758151753
Birmingham,518,0.179727939,0.7451025
Birmingham,526,0.169787462,0.7451025
Birmingham,531,0.169787462,0.731801343
Birmingham,556,0.169787462,0.71834317
Birmingham,558,0.169787462,0.704661893
Birmingham,575,0.169787462,0.690769044
Birmingham,598,0.169787462,0.676515309
Birmingham,603,0.158360934,0.676515309
Birmingham,616,0.158360934,0.661885019
Birmingham,630,0.147172101,0.661885019
Birmingham,647,0.147172101,0.645998352
Birmingham,668,0.147172101,0.630067078
Birmingham,670,0.135389753,0.614019818
Birmingham,680,0.135389753,0.597350292
Birmingham,758,0.120043479,0.597350292
Birmingham,762,0.120043479,0.5776112
Birmingham,779,0.120043479,0.556001138
Birmingham,790,0.120043479,0.532465363
Birmingham,833,0.098957632,0.532465363
Birmingham,860,0.080364173,0.532465363
Birmingham,972,0.080364173,0.498990334
Birmingham,981,0.080364173,0.463629442
Birmingham,1005,0.080364173,0.427684376
Birmingham,1061,0.052992012,0.427684376
Birmingham,1095,0.052992012,0.427684376
Manchester,0,1,1
Manchester,1,0.993024628,1
Manchester,2,0.993024628,0.998741018
Manchester,3,0.989514265,0.997476741
Manchester,5,0.989514265,0.996202747
Manchester,6,0.985999084,0.996202747
Manchester,7,0.982480977,0.996202747
Manchester,8,0.9789578,0.996202747
Manchester,9,0.971909114,0.99490868
Manchester,10,0.968368365,0.993586225
Manchester,11,0.964809474,0.99224643
Manchester,12,0.964809474,0.990887017
Manchester,14,0.964809474,0.989527392
Manchester,17,0.964809474,0.988162096
Manchester,21,0.96123024,0.988162096
Manchester,24,0.957655198,0.988162096
Manchester,25,0.950536178,0.988162096
Manchester,28,0.946956656,0.986785409
Manchester,29,0.943351245,0.984016791
Manchester,30,0.939738163,0.984016791
Manchester,31,0.939738163,0.982611357
Manchester,32,0.936096574,0.982611357
Manchester,34,0.932454364,0.982611357
Manchester,47,0.928803435,0.981187263
Manchester,48,0.921484219,0.981187263
Manchester,51,0.921484219,0.979749893
Manchester,52,0.91780185,0.979749893
Manchester,53,0.91780185,0.97830258
Manchester,54,0.91780185,0.976843156
Manchester,56,0.914114341,0.976843156
Manchester,58,0.910418829,0.97536201
Manchester,59,0.910418829,0.973872985
Manchester,65,0.903011522,0.972376522
Manchester,67,0.895569079,0.972376522
Manchester,68,0.891842554,0.972376522
Manchester,69,0.888106962,0.972376522
Manchester,71,0.884376693,0.972376522
Manchester,73,0.880646194,0.972376522
Manchester,74,0.876922641,0.970830419
Manchester,76,0.876922641,0.969277585
Manchester,77,0.873174782,0.969277585
Manchester,79,0.865682771,0.969277585
Manchester,80,0.865682771,0.967670921
Manchester,82,0.858212283,0.967670921
Manchester,83,0.8507347,0.967670921
Manchester,89,0.846972361,0.967670921
Manchester,90,0.846972361,0.966031347
Manchester,92,0.8431989,0.966031347
Manchester,94,0.8431989,0.964345745
Manchester,95,0.835659427,0.964345745
Manchester,96,0.835659427,0.962632475
Manchester,100,0.831844026,0.962632475
Manchester,101,0.831844026,0.960904749
Manchester,103,0.828032222,0.960904749
Manchester,104,0.824217243,0.957390855
Manchester,105,0.820396054,0.955603366
Manchester,106,0.820396054,0.953810356
Manchester,107,0.816534959,0.953810356
Manchester,109,0.816534959,0.952009195
Manchester,110,0.816534959,0.95020192
Manchester,111,0.812606762,0.95020192
Manchester,116,0.808666213,0.95020192
Manchester,117,0.808666213,0.948376478
Manchester,118,0.800788426,0.946545243
Manchester,119,0.796782023,0.946545243
Manchester,120,0.792789332,0.946545243
Manchester,121,0.788795439,0.944645522
Manchester,132,0.788795439,0.942727092
Manchester,134,0.784779374,0.942727092
Manchester,135,0.780762495,0.940792313
Manchester,138,0.776719713,0.940792313
Manchester,139,0.776719713,0.938826533
Manchester,140,0.772678907,0.93684109
Manchester,146,0.768626651,0.93684109
Manchester,147,0.768626651,0.932807225
Manchester,151,0.768626651,0.930784783
Manchester,154,0.768626651,0.924718446
Manchester,156,0.764476198,0.922673152
Manchester,158,0.760320423,0.920615514
Manchester,161,0.756120351,0.920615514
Manchester,167,0.756120351,0.918527937
Manchester,168,0.751860004,0.918527937
Manchester,170,0.747609149,0.916425471
Manchester,171,0.743333139,0.914308742
Manchester,174,0.739050633,0.912173965
Manchester,175,0.73474297,0.912173965
Manchester,179,0.726167137,0.912173965
Manchester,180,0.726167137,0.909992214
Manchester,181,0.721857729,0.909992214
Manchester,184,0.721857729,0.907805018
Manchester,185,0.717538998,0.905596612
Manchester,186,0.713173431,0.905596612
Manchester,188,0.704486025,0.905596612
Manchester,189,0.700116942,0.905596612
Manchester,190,0.695756551,0.905596612
Manchester,191,0.691407211,0.905596612
Manchester,193,0.687063667,0.903305303
Manchester,194,0.682693771,0.903305303
Manchester,195,0.678299363,0.903305303
Manchester,206,0.673900242,0.900980838
Manchester,208,0.673900242,0.898620392
Manchester,209,0.669469811,0.898620392
Manchester,212,0.669469811,0.896248665
Manchester,215,0.665011604,0.896248665
Manchester,217,0.665011604,0.893865712
Manchester,218,0.660516433,0.893865712
Manchester,221,0.660516433,0.891467018
Manchester,222,0.660516433,0.889024882
Manchester,223,0.655973522,0.889024882
Manchester,225,0.655973522,0.886576128
Manchester,226,0.651390294,0.886576128
Manchester,229,0.651390294,0.884104606
Manchester,230,0.646795855,0.884104606
Manchester,231,0.646795855,0.881601098
Manchester,234,0.642197498,0.881601098
Manchester,235,0.63759576,0.881601098
Manchester,237,0.633010195,0.881601098
Manchester,239,0.633010195,0.879057391
Manchester,241,0.628368945,0.879057391
Manchester,254,0.628368945,0.876510837
Manchester,256,0.623712942,0.876510837
Manchester,257,0.623712942,0.873952857
Manchester,258,0.619055776,0.873952857
Manchester,259,0.619055776,0.871375174
Manchester,262,0.619055776,0.868796494
Manchester,263,0.619055776,0.866217678
Manchester,264,0.619055776,0.863630089
Manchester,266,0.619055776,0.86102438
Manchester,270,0.619055776,0.858336649
Manchester,272,0.619055776,0.855641423
Manchester,273,0.614248689,0.855641423
Manchester,274,0.60946348,0.855641423
Manchester,276,0.599955573,0.855641423
Manchester,278,0.599955573,0.852896125
Manchester,279,0.599955573,0.850136108
Manchester,289,0.590425092,0.850136108
Manchester,290,0.585590516,0.850136108
Manchester,291,0.580743859,0.850136108
Manchester,302,0.575918188,0.850136108
Manchester,305,0.575918188,0.847263769
Manchester,308,0.571090791,0.847263769
Manchester,312,0.571090791,0.838588109
Manchester,313,0.566203424,0.838588109
Manchester,326,0.566203424,0.835636297
Manchester,331,0.566203424,0.832677554
Manchester,335,0.556384792,0.832677554
Manchester,338,0.556384792,0.82966242
Manchester,340,0.556384792,0.82661945
Manchester,346,0.556384792,0.823548775
Manchester,350,0.551432337,0.823548775
Manchester,351,0.551432337,0.820449093
Manchester,352,0.54139533,0.820449093
Manchester,356,0.54139533,0.817257602
Manchester,363,0.54139533,0.814067319
Manchester,369,0.54139533,0.810821755
Manchester,372,0.536258476,0.810821755
Manchester,377,0.531080127,0.810821755
Manchester,380,0.525901779,0.810821755
Manchester,389,0.520715545,0.810821755
Manchester,390,0.515549588,0.810821755
Manchester,397,0.510356095,0.810821755
Manchester,400,0.500018985,0.810821755
Manchester,406,0.4948721,0.810821755
Manchester,410,0.489718036,0.810821755
Manchester,412,0.484598965,0.810821755
Manchester,419,0.484598965,0.807305807
Manchester,423,0.479439015,0.807305807
Manchester,425,0.469205256,0.807305807
Manchester,427,0.459102953,0.807305807
Manchester,428,0.454021652,0.807305807
Manchester,436,0.448964215,0.807305807
Manchester,441,0.448964215,0.803614428
Manchester,444,0.448964215,0.799915067
Manchester,445,0.443866432,0.799915067
Manchester,453,0.438791066,0.796120796
Manchester,461,0.438791066,0.792263965
Manchester,470,0.428624087,0.792263965
Manchester,472,0.423486232,0.792263965
Manchester,478,0.418388546,0.792263965
Manchester,482,0.418388546,0.788150023
Manchester,485,0.418388546,0.783997772
Manchester,490,0.413235936,0.783997772
Manchester,493,0.408104739,0.783997772
Manchester,494,0.402995894,0.783997772
Manchester,495,0.397906682,0.783997772
Manchester,498,0.392756564,0.783997772
Manchester,502,0.392756564,0.779533765
Manchester,511,0.38759155,0.779533765
Manchester,513,0.382425504,0.779533765
Manchester,515,0.377222331,0.779533765
Manchester,522,0.37203491,0.779533765
Manchester,532,0.366783683,0.779533765
Manchester,536,0.361524663,0.779533765
Manchester,540,0.361524663,0.774754489
Manchester,543,0.350975623,0.774754489
Manchester,546,0.345720276,0.774754489
Manchester,550,0.340512226,0.774754489
Manchester,554,0.335370617,0.774754489
Manchester,555,0.33024974,0.774754489
Manchester,560,0.33024974,0.769603182
Manchester,574,0.325109917,0.764420777
Manchester,577,0.319944922,0.764420777
Manchester,593,0.319944922,0.759060746
Manchester,595,0.319944922,0.753623249
Manchester,596,0.314653802,0.753623249
Manchester,623,0.309389434,0.753623249
Manchester,636,0.309389434,0.748103635
Manchester,639,0.309389434,0.742524087
Manchester,640,0.309389434,0.736876043
Manchester,648,0.309389434,0.7312455
Manchester,651,0.309389434,0.725586854
Manchester,665,0.303922811,0.719828008
Manchester,666,0.298434379,0.719828008
Manchester,671,0.292927892,0.713960142
Manchester,675,0.292927892,0.70805059
Manchester,684,0.292927892,0.701988027
Manchester,694,0.287205586,0.701988027
Manchester,710,0.281531636,0.701988027
Manchester,724,0.275895492,0.701988027
Manchester,742,0.275895492,0.695381419
Manchester,749,0.270140105,0.695381419
Manchester,757,0.264365489,0.695381419
Manchester,758,0.264365489,0.688603364
Manchester,777,0.264365489,0.681816732
Manchester,789,0.264365489,0.674895524
Manchester,794,0.258004119,0.674895524
Manchester,807,0.258004119,0.667551344
Manchester,811,0.258004119,0.652921969
Manchester,813,0.258004119,0.645554386
Manchester,815,0.258004119,0.638120887
Manchester,839,0.237912151,0.638120887
Manchester,853,0.231105505,0.638120887
Manchester,854,0.224413993,0.638120887
Manchester,856,0.224413993,0.630246527
Manchester,864,0.217461567,0.630246527
Manchester,878,0.210255591,0.630246527
Manchester,916,0.210255591,0.621311999
Manchester,922,0.202899363,0.621311999
Manchester,930,0.195366628,0.621311999
Manchester,953,0.195366628,0.611930033
Manchester,966,0.187864378,0.611930033
Manchester,972,0.187864378,0.602412389
Manchester,980,0.187864378,0.592693706
Manchester,1036,0.179966821,0.592693706
Manchester,1050,0.179966821,0.573417231
Manchester,1051,0.179966821,0.563181541
Manchester,1062,0.171120167,0.563181541
Manchester,1065,0.162391745,0.563181541
Manchester,1071,0.153956398,0.563181541
Manchester,1073,0.145668972,0.563181541
Manchester,1095,0.145668972,0.563181541
