:centre,:days,:cif-from-listing
Newcastle,0.0,1.0
Newcastle,0.0,0.9976876188710635
Newcastle,1.0,0.9953782260753643
Newcastle,2.0,0.9907679909728523
Newcastle,4.0,0.9884617732843296
Newcastle,6.0,0.9838490644718464
Newcastle,12.0,0.9815438415365783
Newcastle,21.0,0.9792396477504591
Newcastle,22.0,0.9769364692467386
Newcastle,24.0,0.9746344671973703
Newcastle,25.0,0.9723351265234261
Newcastle,28.0,0.9700376667381451
Newcastle,30.0,0.9677418303666383
Newcastle,31.0,0.9654479285870924
Newcastle,32.0,0.9631560326880454
Newcastle,34.0,0.9608656047687132
Newcastle,38.0,0.9562923614138773
Newcastle,40.0,0.9540059862026279
Newcastle,41.0,0.951715717624425
Newcastle,45.0,0.9494272839760594
Newcastle,46.0,0.9471403920379411
Newcastle,47.0,0.944855079030574
Newcastle,50.0,0.9402918755774146
Newcastle,51.0,0.9380094558387858
Newcastle,53.0,0.9357286108913525
Newcastle,54.0,0.9334486210725705
Newcastle,56.0,0.9311706451092914
Newcastle,58.0,0.928895843973699
Newcastle,59.0,0.9266229220350432
Newcastle,64.0,0.9153227549220846
Newcastle,65.0,0.9130578094129957
Newcastle,67.0,0.910794918085461
Newcastle,68.0,0.9085340621403469
Newcastle,70.0,0.9040221899290355
Newcastle,78.0,0.9017668434137419
Newcastle,79.0,0.8995133672832719
Newcastle,80.0,0.8972618637929373
Newcastle,81.0,0.8950108842574954
Newcastle,83.0,0.8905164349375267
Newcastle,84.0,0.8860264613585745
Newcastle,87.0,0.8837836880014955
Newcastle,88.0,0.8770773269776736
Newcastle,90.0,0.8748409403185385
Newcastle,92.0,0.8703769108713854
Newcastle,93.0,0.868144584367472
Newcastle,94.0,0.8659127898515635
Newcastle,96.0,0.8636827105967801
Newcastle,101.0,0.8592319155925093
Newcastle,103.0,0.8547786499032055
Newcastle,105.0,0.852551890135926
Newcastle,106.0,0.8503261244051168
Newcastle,107.0,0.8481011538224644
Newcastle,108.0,0.845877514659813
Newcastle,111.0,0.8436559020372731
Newcastle,114.0,0.8414375662370187
Newcastle,122.0,0.8370104814799286
Newcastle,123.0,0.8325886396901705
Newcastle,124.0,0.8303801300274777
Newcastle,126.0,0.8281730728968396
Newcastle,128.0,0.8259683018345566
Newcastle,132.0,0.823760951387162
Newcastle,144.0,0.8193541858409324
Newcastle,145.0,0.8171503753090434
Newcastle,148.0,0.8105608814661476
Newcastle,152.0,0.8083603455331939
Newcastle,154.0,0.8061633683740526
Newcastle,158.0,0.8039688686870888
Newcastle,162.0,0.79959282387257
Newcastle,163.0,0.7952238250218144
Newcastle,164.0,0.7930387043028008
Newcastle,166.0,0.7908547222322327
Newcastle,168.0,0.7886730747289673
Newcastle,169.0,0.7864933753329287
Newcastle,172.0,0.7843157606995099
Newcastle,174.0,0.7778107438031119
Newcastle,176.0,0.7756407084604163
Newcastle,183.0,0.7713009379322329
Newcastle,187.0,0.7669577688403285
Newcastle,192.0,0.7647851183176918
Newcastle,198.0,0.7626140953122634
Newcastle,199.0,0.760445002160514
Newcastle,203.0,0.7561167019564765
Newcastle,204.0,0.753954755917226
Newcastle,205.0,0.7517962742270528
Newcastle,206.0,0.7496385373845964
Newcastle,209.0,0.7453333020750379
Newcastle,224.0,0.7410222035315988
Newcastle,225.0,0.7367177528091774
Newcastle,226.0,0.7345672783462094
Newcastle,229.0,0.7324184539193678
Newcastle,230.0,0.7281310640807064
Newcastle,238.0,0.7259884394901379
Newcastle,239.0,0.7217140504419979
Newcastle,240.0,0.7174394536264261
Newcastle,248.0,0.7153039458205221
Newcastle,250.0,0.7110435892931101
Newcastle,258.0,0.7089157250292542
Newcastle,260.0,0.7067885137732088
Newcastle,266.0,0.704660330204596
Newcastle,268.0,0.7025330390497302
Newcastle,269.0,0.6982890350628977
Newcastle,271.0,0.6961690961918438
Newcastle,277.0,0.6919428372604457
Newcastle,278.0,0.6898296032563931
Newcastle,282.0,0.6877180899328789
Newcastle,285.0,0.6856080402061577
Newcastle,287.0,0.6835003060274029
Newcastle,289.0,0.6813938627149285
Newcastle,294.0,0.6792890883733715
Newcastle,296.0,0.6771862426637185
Newcastle,305.0,0.6750799126125204
Newcastle,306.0,0.6729755637659972
Newcastle,317.0,0.6708732213854763
Newcastle,320.0,0.6687744359892539
Newcastle,322.0,0.6666793895664321
Newcastle,326.0,0.6645774482031283
Newcastle,330.0,0.662479315706272
Newcastle,332.0,0.6603821727018987
Newcastle,334.0,0.6582861649037355
Newcastle,336.0,0.6561925130520508
Newcastle,343.0,0.6520193460394461
Newcastle,360.0,0.6499337458357277
Newcastle,362.0,0.647850309118596
Newcastle,369.0,0.6457691946914788
Newcastle,373.0,0.6436904065707625
Newcastle,384.0,0.6416081166699732
Newcastle,387.0,0.6395281626114067
Newcastle,391.0,0.6353795028107435
Newcastle,408.0,0.6333056468269234
Newcastle,409.0,0.6312282723135221
Newcastle,411.0,0.6291532590937418
Newcastle,413.0,0.6270799840979429
Newcastle,430.0,0.6250088601772215
Newcastle,431.0,0.6229394282188808
Newcastle,432.0,0.620872326288529
Newcastle,437.0,0.6188029289646112
Newcastle,439.0,0.6167353097150408
Newcastle,443.0,0.6146555238866871
Newcastle,447.0,0.6125775786374147
Newcastle,450.0,0.6105016548133546
Newcastle,462.0,0.6084227658974496
Newcastle,465.0,0.6063464313114049
Newcastle,468.0,0.6042715029815298
Newcastle,475.0,0.6021927790785634
Newcastle,489.0,0.6001066108884167
Newcastle,490.0,0.598022679088246
Newcastle,492.0,0.5959413925125838
Newcastle,494.0,0.593864213725375
Newcastle,502.0,0.591779151346192
Newcastle,507.0,0.5896928109187713
Newcastle,513.0,0.5876109357445668
Newcastle,518.0,0.5855238531652998
Newcastle,524.0,0.5834323157294488
Newcastle,525.0,0.5813417065926696
Newcastle,526.0,0.5792551584787368
Newcastle,533.0,0.5771656225010473
Newcastle,534.0,0.5750780749477019
Newcastle,535.0,0.5729928846640187
Newcastle,541.0,0.570910424549236
Newcastle,549.0,0.5667474285010441
Newcastle,553.0,0.564667537038418
Newcastle,556.0,0.5625898794417503
Newcastle,558.0,0.5584515587140565
Newcastle,560.0,0.5563842509505195
Newcastle,585.0,0.5543089500879523
Newcastle,589.0,0.5522342203309456
Newcastle,590.0,0.548095492347056
Newcastle,596.0,0.5460155814680857
Newcastle,602.0,0.541866674814438
Newcastle,604.0,0.5397930084953285
Newcastle,606.0,0.5377238951422744
Newcastle,623.0,0.535637408164239
Newcastle,624.0,0.5335518974073474
Newcastle,641.0,0.5314611315767628
Newcastle,647.0,0.5293691222972753
Newcastle,656.0,0.5272735453293826
Newcastle,665.0,0.5251688464271642
Newcastle,672.0,0.5230690199629616
Newcastle,682.0,0.5209472557473334
Newcastle,683.0,0.5167190977959245
Newcastle,694.0,0.5145994875283506
Newcastle,697.0,0.512484792182565
Newcastle,706.0,0.510360233487851
Newcastle,709.0,0.5082385309873313
Newcastle,727.0,0.5061094208800054
Newcastle,734.0,0.503972112809678
Newcastle,770.0,0.5017817216605904
Newcastle,777.0,0.4995890810543475
Newcastle,778.0,0.49739944596908375
Newcastle,791.0,0.4951865265521637
Newcastle,811.0,0.49294319333823006
Newcastle,818.0,0.49069209537933267
Newcastle,826.0,0.4884398830752378
Newcastle,828.0,0.4861761097884003
Newcastle,831.0,0.4839010494835675
Newcastle,846.0,0.4816156953546942
Newcastle,855.0,0.47932831102707196
Newcastle,865.0,0.47701402764172707
Newcastle,890.0,0.474630705690291
Newcastle,894.0,0.47225153865713904
Newcastle,916.0,0.4698440102378425
Newcastle,954.0,0.46738411776522437
Newcastle,980.0,0.46489544347080375
Newcastle,1039.0,0.46232561238031417
Newcastle,1077.0,0.45971478542093336
Newcastle,1081.0,0.4571097074003076
Newcastle,1087.0,0.4545105479383047
Newcastle,1088.0,0.45191499902210014
Newcastle,1092.0,0.44932246922725755
Newcastle,1097.0,0.44672434918306664
Newcastle,1110.0,0.44410891807577496
Newcastle,1120.0,0.4414824349602654
Newcastle,1122.0,0.4388591981191743
Newcastle,1144.0,0.4362143835694637
Newcastle,1151.0,0.4335721239143245
Newcastle,1167.0,0.4309112198766639
Newcastle,1168.0,0.42825923269667276
Newcastle,1191.0,0.42557483994631495
Newcastle,1212.0,0.4228692485471186
Newcastle,1223.0,0.4201683285234329
Newcastle,1233.0,0.4174769373826839
Newcastle,1274.0,0.41473882815762575
Newcastle,1299.0,0.411989900026679
Newcastle,1315.0,0.40922432033931944
Newcastle,1321.0,0.4064645543988436
Newcastle,1329.0,0.4036991313347952
Newcastle,1333.0,0.4009392003281573
Newcastle,1342.0,0.39817484343254395
Newcastle,1378.0,0.39535056166926064
Newcastle,1403.0,0.39251128194135787
Newcastle,1417.0,0.38965141388233104
Newcastle,1441.0,0.3867271198758058
Newcastle,1456.0,0.3808624772267062
Newcastle,1481.0,0.3779135557204778
Newcastle,1501.0,0.37494730049463587
Newcastle,1519.0,0.3719473253483695
Newcastle,1556.0,0.368902146004208
Newcastle,1608.0,0.3657312668149949
Newcastle,1615.0,0.3625765980536018
Newcastle,1642.0,0.359398584871678
Newcastle,1645.0,0.3530858412607474
Newcastle,1679.0,0.349898636528125
Newcastle,1686.0,0.3467278319960583
Newcastle,1692.0,0.34357430222703494
Newcastle,1717.0,0.34043819399857345
Newcastle,1758.0,0.3373124445556832
Newcastle,1787.0,0.3341717453517993
Newcastle,1796.0,0.33102097958025206
Newcastle,1798.0,0.3278868065486739
Newcastle,1802.0,0.3247453498951649
Newcastle,1825.0,0.3247453498951649
Papworth,0.0,1.0
Papworth,3.0,0.9965563910883989
Papworth,6.0,0.993108546476744
Papworth,12.0,0.9896634238189537
Papworth,17.0,0.9862100851222146
Papworth,22.0,0.9793214444189796
Papworth,23.0,0.97586388203522
Papworth,25.0,0.9724133430895551
Papworth,39.0,0.9689599187144673
Papworth,42.0,0.9655020087198367
Papworth,43.0,0.9620375793839422
Papworth,48.0,0.9585671874220665
Papworth,50.0,0.9516494837008439
Papworth,56.0,0.9481598791007007
Papworth,61.0,0.9411994119236493
Papworth,63.0,0.934232342679628
Papworth,69.0,0.9307318772776852
Papworth,76.0,0.9272355011841923
Papworth,82.0,0.9237428996279349
Papworth,84.0,0.9202535629349805
Papworth,86.0,0.9167592971877032
Papworth,88.0,0.9132672599346092
Papworth,89.0,0.9097800877779122
Papworth,94.0,0.9062890951869272
Papworth,99.0,0.9028001309626061
Papworth,100.0,0.8958071250837272
Papworth,123.0,0.8922999286837703
Papworth,124.0,0.8888003068826655
Papworth,129.0,0.8852941433990668
Papworth,130.0,0.8817911354224515
Papworth,131.0,0.8748071707376925
Papworth,132.0,0.8713191149181213
Papworth,133.0,0.8678276692057019
Papworth,135.0,0.8643313203274005
Papworth,143.0,0.8608430598189847
Papworth,154.0,0.857320671280018
Papworth,158.0,0.8537934745932487
Papworth,161.0,0.8502712676575874
Papworth,165.0,0.8467566164082919
Papworth,166.0,0.8432451207955877
Papworth,178.0,0.8397195736570673
Papworth,180.0,0.8361956884272981
Papworth,182.0,0.8291708850608299
Papworth,194.0,0.8256474918796781
Papworth,199.0,0.8221300080839186
Papworth,201.0,0.8151150093676844
Papworth,205.0,0.8116116521105307
Papworth,223.0,0.808116516830281
Papworth,226.0,0.8046253918672195
Papworth,227.0,0.8011372992378263
Papworth,233.0,0.7976433828838018
Papworth,237.0,0.7941351212197035
Papworth,239.0,0.7906321804428494
Papworth,245.0,0.787133786498185
Papworth,249.0,0.7836322820290573
Papworth,251.0,0.7801366463333179
Papworth,258.0,0.7766370686959467
Papworth,261.0,0.7731431550980024
Papworth,269.0,0.7696453040682447
Papworth,271.0,0.7626720354254095
Papworth,282.0,0.7591759654345236
Papworth,290.0,0.7556422666735426
Papworth,294.0,0.752103535885247
Papworth,297.0,0.7485690715907328
Papworth,302.0,0.745029519790103
Papworth,304.0,0.7379591158505944
Papworth,310.0,0.7344202827173711
Papworth,320.0,0.727347990836886
Papworth,325.0,0.7238009178289513
Papworth,333.0,0.7202490947940801
Papworth,336.0,0.716702119526433
Papworth,338.0,0.7131601853681276
Papworth,342.0,0.7096223252588757
Papworth,343.0,0.7060890046669851
Papworth,353.0,0.7025604344096046
Papworth,355.0,0.6990391174439705
Papworth,361.0,0.6955275539339034
Papworth,364.0,0.6920230204664993
Papworth,371.0,0.6885099571576958
Papworth,377.0,0.6850070454330695
Papworth,379.0,0.6815008063726887
Papworth,383.0,0.6780042251770334
Papworth,386.0,0.6745022231753693
Papworth,400.0,0.6709660848947064
Papworth,406.0,0.6674380950889257
Papworth,409.0,0.6639149740902757
Papworth,437.0,0.6568562872610197
Papworth,444.0,0.653336606618603
Papworth,448.0,0.6463092306872449
Papworth,456.0,0.6427986498868901
Papworth,472.0,0.6392751003733953
Papworth,475.0,0.635744548466238
Papworth,477.0,0.6322249641129444
Papworth,488.0,0.6287093318644689
Papworth,492.0,0.6252049579906177
Papworth,499.0,0.6217059086696767
Papworth,509.0,0.6182179743075173
Papworth,514.0,0.6112525434819752
Papworth,516.0,0.6077608140456229
Papworth,538.0,0.6042789542420895
Papworth,543.0,0.6007919248273679
Papworth,549.0,0.5972968883566112
Papworth,555.0,0.5938097025886451
Papworth,595.0,0.5902946649801546
Papworth,598.0,0.586791919507218
Papworth,599.0,0.5798172713779131
Papworth,606.0,0.5728537791940066
Papworth,617.0,0.5693634309782896
Papworth,631.0,0.5658667977187603
Papworth,634.0,0.5623553117157258
Papworth,638.0,0.5588402547662565
Papworth,639.0,0.5553335304796656
Papworth,665.0,0.5517678870525989
Papworth,675.0,0.5482138328052306
Papworth,682.0,0.5446708988374229
Papworth,689.0,0.5411233507253064
Papworth,693.0,0.5375362567643506
Papworth,697.0,0.5339625482848996
Papworth,709.0,0.5268085445231055
Papworth,721.0,0.5231633010753212
Papworth,725.0,0.5159122505961711
Papworth,733.0,0.5122717984812427
Papworth,750.0,0.5085404800948208
Papworth,756.0,0.504822755266496
Papworth,762.0,0.5011079482054122
Papworth,764.0,0.49735267050046383
Papworth,790.0,0.49356728953889717
Papworth,826.0,0.48972583469014935
Papworth,830.0,0.485901521017551
Papworth,840.0,0.4820397210289614
Papworth,849.0,0.4781660674431247
Papworth,877.0,0.47429579234086583
Papworth,886.0,0.47043724884926047
Papworth,893.0,0.466597332739997
Papworth,907.0,0.46267295560899635
Papworth,922.0,0.4587173132961222
Papworth,950.0,0.454756025843639
Papworth,962.0,0.45081475860027714
Papworth,968.0,0.4468723733258468
Papworth,969.0,0.44294382612102096
Papworth,1014.0,0.43894711492713423
Papworth,1032.0,0.4349318622304182
Papworth,1033.0,0.4309314248887242
Papworth,1050.0,0.4268927941824032
Papworth,1087.0,0.4228232262061875
Papworth,1090.0,0.4187450275511543
Papworth,1133.0,0.4145772972682573
Papworth,1153.0,0.41039895969067974
Papworth,1164.0,0.4061944772745313
Papworth,1177.0,0.4019790890571926
Papworth,1189.0,0.3977551758664521
Papworth,1315.0,0.39344832187240303
Papworth,1325.0,0.3890991436681797
Papworth,1344.0,0.3846825244371195
Papworth,1346.0,0.3802897457140017
Papworth,1365.0,0.37589581775400976
Papworth,1419.0,0.37144354279373554
Papworth,1432.0,0.3669233419734652
Papworth,1441.0,0.36239055536303877
Papworth,1459.0,0.35781860888629147
Papworth,1474.0,0.3532221663798672
Papworth,1507.0,0.3486496921207254
Papworth,1536.0,0.3438432968604831
Papworth,1553.0,0.3390289384107289
Papworth,1634.0,0.33409833755772544
Papworth,1645.0,0.32915085389917026
Papworth,1697.0,0.3241562994480373
Papworth,1744.0,0.31905502346100795
Papworth,1774.0,0.3139022714586845
Papworth,1780.0,0.30878038541253383
Papworth,1785.0,0.3036439331796672
Papworth,1787.0,0.2985361562881801
Papworth,1825.0,0.2985361562881801
Harefield,0.0,1.0
Harefield,2.0,0.9977031127861027
Harefield,6.0,0.9954080213781091
Harefield,10.0,0.9931145619286333
Harefield,11.0,0.9885198406889902
Harefield,18.0,0.9862101382105314
Harefield,19.0,0.9839036990097276
Harefield,21.0,0.9792943512302896
Harefield,22.0,0.9769919116451852
Harefield,23.0,0.9746870826627463
Harefield,26.0,0.9723836694777702
Harefield,31.0,0.9700821933161533
Harefield,38.0,0.9677798169475343
Harefield,43.0,0.9654765696111524
Harefield,44.0,0.9631751832242464
Harefield,46.0,0.9585818325524504
Harefield,53.0,0.9562844310972123
Harefield,54.0,0.9539857231676254
Harefield,55.0,0.9494001814336882
Harefield,65.0,0.947103349532395
Harefield,69.0,0.9448082425235576
Harefield,70.0,0.9402272404992272
Harefield,73.0,0.9379358537659641
Harefield,76.0,0.9333546413928715
Harefield,84.0,0.931062037001872
Harefield,85.0,0.9264869290614024
Harefield,90.0,0.9242011239126943
Harefield,95.0,0.9219141304096723
Harefield,96.0,0.9196268064957818
Harefield,97.0,0.9173427103016641
Harefield,101.0,0.9127798757957655
Harefield,102.0,0.9104958117661248
Harefield,103.0,0.9082143303752416
Harefield,104.0,0.9059312777638542
Harefield,108.0,0.9036461753587229
Harefield,109.0,0.9013629674413698
Harefield,113.0,0.899077483602152
Harefield,116.0,0.896795231747512
Harefield,119.0,0.8945156294186332
Harefield,120.0,0.8922356255591979
Harefield,121.0,0.8899574251761939
Harefield,123.0,0.8876774151991872
Harefield,130.0,0.8853956497100545
Harefield,137.0,0.8831168445109581
Harefield,140.0,0.880836976747078
Harefield,142.0,0.8785590707688737
Harefield,143.0,0.876280832293101
Harefield,146.0,0.8740020217914775
Harefield,148.0,0.8717264390217889
Harefield,152.0,0.8694459250658515
Harefield,153.0,0.867165028017431
Harefield,154.0,0.8648860101368694
Harefield,156.0,0.8626107004011654
Harefield,158.0,0.8603375008328922
Harefield,159.0,0.8580639092672925
Harefield,160.0,0.855793086836645
Harefield,161.0,0.8535241167783316
Harefield,163.0,0.8512541907086109
Harefield,165.0,0.8489874490459666
Harefield,166.0,0.8444607482734086
Harefield,167.0,0.8421996167496234
Harefield,171.0,0.8399403764027037
Harefield,175.0,0.8376783197682514
Harefield,176.0,0.8309063903847425
Harefield,177.0,0.828639281047993
Harefield,182.0,0.8263729774621834
Harefield,184.0,0.8241058911892397
Harefield,186.0,0.8218371113888638
Harefield,187.0,0.817304783349724
Harefield,192.0,0.8150319593789811
Harefield,205.0,0.8127505888308441
Harefield,211.0,0.8104623313314594
Harefield,216.0,0.8081777345145158
Harefield,225.0,0.8058970305650544
Harefield,226.0,0.8013375880067467
Harefield,227.0,0.7990567067159995
Harefield,234.0,0.7967784695523619
Harefield,241.0,0.7944999100255221
Harefield,251.0,0.7922245057603468
Harefield,256.0,0.7899464742843602
Harefield,258.0,0.7876679132039028
Harefield,261.0,0.7853915998568057
Harefield,263.0,0.7831189110189525
Harefield,267.0,0.7808486936867832
Harefield,272.0,0.7785759265121189
Harefield,273.0,0.7763052488977062
Harefield,277.0,0.7740367190948004
Harefield,281.0,0.771770459685265
Harefield,282.0,0.7695077328844075
Harefield,285.0,0.7672484015875971
Harefield,286.0,0.7649886118702101
Harefield,298.0,0.7627280698845942
Harefield,300.0,0.7604667612196373
Harefield,301.0,0.7582049887446327
Harefield,309.0,0.7559469776743963
Harefield,313.0,0.7514362851969434
Harefield,318.0,0.749179604161144
Harefield,322.0,0.7469255079951449
Harefield,327.0,0.744675321719195
Harefield,329.0,0.7424290428634384
Harefield,337.0,0.737951398297703
Harefield,342.0,0.7357041020878483
Harefield,345.0,0.7334586581877407
Harefield,348.0,0.7289697636200275
Harefield,351.0,0.7267262701995071
Harefield,354.0,0.7244854495809442
Harefield,356.0,0.72224885246203
Harefield,358.0,0.7200161723800717
Harefield,360.0,0.7177769423730462
Harefield,364.0,0.715540116378601
Harefield,372.0,0.7132976134980804
Harefield,378.0,0.7110542180861152
Harefield,379.0,0.7088047137646472
Harefield,385.0,0.7065408917516414
Harefield,387.0,0.7042767423537979
Harefield,395.0,0.7020119430187023
Harefield,402.0,0.6997472221951873
Harefield,405.0,0.6974812048362901
Harefield,407.0,0.6952125004081366
Harefield,408.0,0.6929418052184464
Harefield,411.0,0.69065846298516
Harefield,414.0,0.6883784653277945
Harefield,415.0,0.6861027362241594
Harefield,423.0,0.6838267260535743
Harefield,429.0,0.6815457714196077
Harefield,430.0,0.6792685920553247
Harefield,433.0,0.6769959524624685
Harefield,437.0,0.674726654042133
Harefield,441.0,0.6701940077504702
Harefield,461.0,0.6679268103308106
Harefield,462.0,0.6634066788975786
Harefield,466.0,0.6611489762387921
Harefield,472.0,0.658891147351353
Harefield,473.0,0.6566257234791995
Harefield,481.0,0.6543606433928003
Harefield,484.0,0.6520884324081269
Harefield,498.0,0.6498190328141688
Harefield,499.0,0.6475492798284082
Harefield,511.0,0.6452797302706881
Harefield,539.0,0.6430003492976533
Harefield,543.0,0.6407092772548456
Harefield,548.0,0.6384080762338582
Harefield,556.0,0.6361096725207291
Harefield,557.0,0.6338088390104274
Harefield,563.0,0.6315108510964065
Harefield,564.0,0.6292121943799789
Harefield,570.0,0.626906162142358
Harefield,573.0,0.6245876713239076
Harefield,589.0,0.6222743374118067
Harefield,592.0,0.6199536363203223
Harefield,596.0,0.6153165363764858
Harefield,601.0,0.6129898454459627
Harefield,608.0,0.6106510889767199
Harefield,615.0,0.6083133547647821
Harefield,626.0,0.6059632836476532
Harefield,630.0,0.6036007510242337
Harefield,642.0,0.6012369410098334
Harefield,650.0,0.5988770734051543
Harefield,658.0,0.5941678333907131
Harefield,660.0,0.5918123685068859
Harefield,662.0,0.589459915237578
Harefield,668.0,0.5870986073695941
Harefield,675.0,0.5847296870244293
Harefield,691.0,0.5823484489778799
Harefield,699.0,0.5776045353786711
Harefield,702.0,0.5752143949882074
Harefield,705.0,0.5728193631562504
Harefield,711.0,0.5704213361331826
Harefield,729.0,0.5680060166614107
Harefield,742.0,0.5655725271466502
Harefield,744.0,0.5631353221325974
Harefield,749.0,0.5606959906617746
Harefield,751.0,0.5582626396585338
Harefield,765.0,0.5558137857375541
Harefield,774.0,0.5533356206027956
Harefield,797.0,0.5508124554291587
Harefield,798.0,0.548283163223097
Harefield,806.0,0.545742362577839
Harefield,822.0,0.5431865754413822
Harefield,842.0,0.540550390133996
Harefield,849.0,0.5378959068057102
Harefield,854.0,0.5352228826481813
Harefield,858.0,0.5325392076021527
Harefield,877.0,0.5298124457314497
Harefield,879.0,0.5270934809446014
Harefield,883.0,0.5243315333508369
Harefield,886.0,0.5215677083649266
Harefield,890.0,0.5188117971767404
Harefield,893.0,0.516054327906777
Harefield,895.0,0.510568531673289
Harefield,912.0,0.5077891431797652
Harefield,913.0,0.505015493456121
Harefield,921.0,0.4994739885148076
Harefield,929.0,0.4966588615103036
Harefield,942.0,0.4938299145588118
Harefield,950.0,0.49100881443239713
Harefield,955.0,0.48819711270706423
Harefield,967.0,0.4853835451346616
Harefield,1004.0,0.4796759260626444
Harefield,1006.0,0.47682915581061247
Harefield,1008.0,0.47398789187723184
Harefield,1014.0,0.4711492433682791
Harefield,1050.0,0.4682619920814588
Harefield,1051.0,0.4653797430972078
Harefield,1094.0,0.46247982094776663
Harefield,1104.0,0.456678901986661
Harefield,1118.0,0.4537398631413018
Harefield,1134.0,0.4507788574018952
Harefield,1173.0,0.44771939317158027
Harefield,1179.0,0.44465164556669545
Harefield,1193.0,0.4415591197204903
Harefield,1201.0,0.43844861480801095
Harefield,1213.0,0.43530255698625747
Harefield,1221.0,0.43214285949395176
Harefield,1290.0,0.4287621688133494
Harefield,1306.0,0.4253179925796784
Harefield,1374.0,0.42169677596056787
Harefield,1384.0,0.4180715862159329
Harefield,1386.0,0.4144575773193382
Harefield,1403.0,0.4108359859783711
Harefield,1428.0,0.4070931203029314
Harefield,1477.0,0.40322024271473994
Harefield,1507.0,0.39926302831760097
Harefield,1534.0,0.3951637226144782
Harefield,1590.0,0.39088608993640894
Harefield,1618.0,0.3864628081023339
Harefield,1622.0,0.38205826770504925
Harefield,1646.0,0.3775400695271458
Harefield,1732.0,0.37276339349108245
Harefield,1742.0,0.36801747325047096
Harefield,1769.0,0.36330532973534235
Harefield,1793.0,0.35859463773204137
Harefield,1806.0,0.3538813183055215
Harefield,1808.0,0.34920256405599703
Harefield,1825.0,0.34920256405599703
Birmingham,0.0,1.0
Birmingham,10.0,0.9911550625433181
Birmingham,17.0,0.9822998136164615
Birmingham,24.0,0.973488957247733
Birmingham,30.0,0.9646595998029189
Birmingham,31.0,0.9558728062581789
Birmingham,36.0,0.9471269285701773
Birmingham,40.0,0.9384247483572083
Birmingham,43.0,0.9297705447491063
Birmingham,48.0,0.9125879255171304
Birmingham,50.0,0.9040232424751615
Birmingham,54.0,0.8954789729291159
Birmingham,55.0,0.8869669442000815
Birmingham,58.0,0.8784923601928064
Birmingham,59.0,0.8700526399157613
Birmingham,60.0,0.8533062348289926
Birmingham,61.0,0.8366736416010103
Birmingham,64.0,0.8284018163507184
Birmingham,65.0,0.8201209512501562
Birmingham,78.0,0.8118853556047739
Birmingham,97.0,0.7955729286945279
Birmingham,111.0,0.779400875174873
Birmingham,112.0,0.7633793294746777
Birmingham,115.0,0.7553915487859418
Birmingham,118.0,0.7474498725016498
Birmingham,124.0,0.7395387777009288
Birmingham,126.0,0.7316741435451517
Birmingham,131.0,0.7238005414985814
Birmingham,134.0,0.7159306860962871
Birmingham,136.0,0.7081126033261138
Birmingham,156.0,0.7003363580576887
Birmingham,173.0,0.6925358575752477
Birmingham,177.0,0.677073566099605
Birmingham,178.0,0.6693671673322812
Birmingham,186.0,0.6616861476581192
Birmingham,189.0,0.6540535161522201
Birmingham,202.0,0.6389473563759309
Birmingham,212.0,0.63143760292766
Birmingham,217.0,0.6239623396228448
Birmingham,224.0,0.6165142601503566
Birmingham,231.0,0.6090887739645542
Birmingham,235.0,0.6016982081676392
Birmingham,248.0,0.5943333554442015
Birmingham,262.0,0.5870006949686247
Birmingham,273.0,0.5797154866800411
Birmingham,279.0,0.5724587264032016
Birmingham,282.0,0.5652447781222715
Birmingham,292.0,0.5580775186868175
Birmingham,311.0,0.5508670648889332
Birmingham,315.0,0.5437060828688275
Birmingham,318.0,0.5365947496743315
Birmingham,323.0,0.5295343565495291
Birmingham,329.0,0.5224407394522975
Birmingham,335.0,0.5153854058024468
Birmingham,340.0,0.5083594892966019
Birmingham,350.0,0.5013542873482763
Birmingham,375.0,0.49438276950727417
Birmingham,386.0,0.48744905454860277
Birmingham,387.0,0.48056508773496653
Birmingham,397.0,0.4737132884571337
Birmingham,410.0,0.46689496352103754
Birmingham,412.0,0.46013693226982266
Birmingham,414.0,0.4533679393338019
Birmingham,418.0,0.44658297360405946
Birmingham,419.0,0.4331838301927873
Birmingham,428.0,0.42645781619715145
Birmingham,436.0,0.4197728918288698
Birmingham,450.0,0.41302028130778645
Birmingham,456.0,0.40630243876809735
Birmingham,463.0,0.3996432978501269
Birmingham,504.0,0.3930428917306572
Birmingham,531.0,0.38638127779127207
Birmingham,535.0,0.3797693763818484
Birmingham,546.0,0.3732193709215532
Birmingham,549.0,0.36671528503911394
Birmingham,558.0,0.3601842696388322
Birmingham,559.0,0.3537117578768596
Birmingham,575.0,0.34729614940807124
Birmingham,592.0,0.34092605403848464
Birmingham,600.0,0.33454151665101844
Birmingham,616.0,0.3282289574477293
Birmingham,625.0,0.3219913931432099
Birmingham,664.0,0.3156152048026949
Birmingham,670.0,0.30930791279588876
Birmingham,674.0,0.3030479357356742
Birmingham,680.0,0.2968569770162002
Birmingham,711.0,0.29054077638692877
Birmingham,762.0,0.2840615179142349
Birmingham,771.0,0.27765303582299866
Birmingham,779.0,0.27122992338657553
Birmingham,784.0,0.2648138903706702
Birmingham,789.0,0.2584464968544538
Birmingham,790.0,0.24598867602577484
Birmingham,831.0,0.2395179976289268
Birmingham,861.0,0.23299336715870647
Birmingham,869.0,0.22644604663756263
Birmingham,911.0,0.21996607410550845
Birmingham,972.0,0.2134875401152156
Birmingham,1125.0,0.20642202279381058
Birmingham,1137.0,0.1994548809034953
Birmingham,1274.0,0.19200258073035112
Birmingham,1405.0,0.1845060198368721
Birmingham,1631.0,0.17566815201902572
Birmingham,1825.0,0.17566815201902572
Manchester,0.0,1.0
Manchester,2.0,0.9970129718773837
Manchester,3.0,0.9910359251348053
Manchester,4.0,0.9880351039144062
Manchester,9.0,0.9850165703588726
Manchester,10.0,0.9819925600896878
Manchester,12.0,0.9789542255029859
Manchester,13.0,0.9759183996140735
Manchester,14.0,0.9728789267858098
Manchester,16.0,0.9698351207063202
Manchester,17.0,0.966786987841148
Manchester,28.0,0.963740783746678
Manchester,29.0,0.9576489594538633
Manchester,31.0,0.9545894691644893
Manchester,46.0,0.9515248852283078
Manchester,47.0,0.9484616935494813
Manchester,50.0,0.9453933557192434
Manchester,51.0,0.9423186623765156
Manchester,54.0,0.9392273278543077
Manchester,58.0,0.9361336642779919
Manchester,59.0,0.9330445208424969
Manchester,65.0,0.9299505294793634
Manchester,77.0,0.9268304742097015
Manchester,80.0,0.9237060343201265
Manchester,90.0,0.9205779092090458
Manchester,94.0,0.9174462466768589
Manchester,96.0,0.9143090589948272
Manchester,101.0,0.9111670187798895
Manchester,104.0,0.9048819190991082
Manchester,105.0,0.9017239875404512
Manchester,106.0,0.8954254268114828
Manchester,114.0,0.8922373278045288
Manchester,117.0,0.8890457026942422
Manchester,118.0,0.8858502877031399
Manchester,121.0,0.8826308127548569
Manchester,130.0,0.8794080901447409
Manchester,132.0,0.8761803856943448
Manchester,135.0,0.872955221012652
Manchester,136.0,0.8697247492506247
Manchester,147.0,0.8664692624665393
Manchester,151.0,0.8632181854072631
Manchester,154.0,0.8535078625319635
Manchester,156.0,0.8502588681814051
Manchester,158.0,0.8470126836257474
Manchester,170.0,0.8437686827294418
Manchester,171.0,0.840530012198199
Manchester,174.0,0.837286462041279
Manchester,184.0,0.8340376557957851
Manchester,185.0,0.8307846650693111
Manchester,193.0,0.8275274715596723
Manchester,195.0,0.8242656113490247
Manchester,217.0,0.8210021938229772
Manchester,222.0,0.8144602190288674
Manchester,229.0,0.8111856201759627
Manchester,231.0,0.8079165206923733
Manchester,232.0,0.8046519534039721
Manchester,237.0,0.8013900871140525
Manchester,239.0,0.7981237927228892
Manchester,257.0,0.7948605183684071
Manchester,258.0,0.7916008982129803
Manchester,272.0,0.7882870351382583
Manchester,273.0,0.7849690758312247
Manchester,278.0,0.7816591660002542
Manchester,279.0,0.7750419671473568
Manchester,288.0,0.7717171981120654
Manchester,311.0,0.7683707190037177
Manchester,312.0,0.7584000875097738
Manchester,338.0,0.7550124199335506
Manchester,340.0,0.7516193450130049
Manchester,345.0,0.7482199184892993
Manchester,346.0,0.7448153921698442
Manchester,348.0,0.7414150082768357
Manchester,350.0,0.7380230979067062
Manchester,363.0,0.7346106110921508
Manchester,369.0,0.7311945991376976
Manchester,371.0,0.7277728711580653
Manchester,374.0,0.7243458900546629
Manchester,403.0,0.7209281528979066
Manchester,419.0,0.7141221050911837
Manchester,422.0,0.7107140656598057
Manchester,425.0,0.7072979914202275
Manchester,426.0,0.7038908335264085
Manchester,428.0,0.700493653315015
Manchester,434.0,0.6970835371826167
Manchester,444.0,0.6936671342621803
Manchester,453.0,0.6902434007645977
Manchester,455.0,0.6868287967493395
Manchester,461.0,0.6834206848493263
Manchester,465.0,0.6800218309095798
Manchester,469.0,0.6766149517293097
Manchester,483.0,0.673201337761416
Manchester,485.0,0.6697969827939106
Manchester,489.0,0.6663863579379465
Manchester,492.0,0.662985110569405
Manchester,503.0,0.6595618366866657
Manchester,526.0,0.6561061840057489
Manchester,528.0,0.6526434029438262
Manchester,542.0,0.6491692070182686
Manchester,544.0,0.6457028164102465
Manchester,559.0,0.6422440645526999
Manchester,560.0,0.638795435397395
Manchester,580.0,0.6353217853456985
Manchester,593.0,0.6318544368391572
Manchester,595.0,0.6283774587690187
Manchester,610.0,0.6249115426219967
Manchester,614.0,0.6214342932154174
Manchester,636.0,0.6179488505660834
Manchester,639.0,0.614466706025772
Manchester,640.0,0.6109750997946224
Manchester,650.0,0.6074822506424574
Manchester,672.0,0.6039476535064062
Manchester,680.0,0.6003801872603414
Manchester,683.0,0.5968063252623935
Manchester,684.0,0.5932267990918177
Manchester,693.0,0.5896287559627403
Manchester,697.0,0.5860331767596819
Manchester,700.0,0.5824507609611308
Manchester,714.0,0.5788410548436927
Manchester,726.0,0.5752300883009489
Manchester,729.0,0.571631136086989
Manchester,742.0,0.5680054736558113
Manchester,745.0,0.5643416150351018
Manchester,750.0,0.5606919714271134
Manchester,758.0,0.557052215312621
Manchester,763.0,0.5534253964266248
Manchester,791.0,0.5497196422435222
Manchester,802.0,0.5423182420465159
Manchester,807.0,0.5385627452375029
Manchester,811.0,0.5347425064080902
Manchester,813.0,0.5309043973535421
Manchester,826.0,0.5270476005623934
Manchester,829.0,0.5231822360457179
Manchester,872.0,0.5192575664653989
Manchester,880.0,0.5153247114677029
Manchester,921.0,0.5113655973245426
Manchester,962.0,0.507376310166501
Manchester,977.0,0.5033729476646327
Manchester,996.0,0.4993493034695646
Manchester,1007.0,0.4952636140542815
Manchester,1011.0,0.4911966014878678
Manchester,1017.0,0.4870975555922314
Manchester,1027.0,0.4830064053094328
Manchester,1030.0,0.4788858757188129
Manchester,1055.0,0.4746499293452723
Manchester,1091.0,0.4703538233548713
Manchester,1115.0,0.4660165513296378
Manchester,1118.0,0.4617018583256469
Manchester,1124.0,0.45739846673521267
Manchester,1135.0,0.45296791404899933
Manchester,1152.0,0.4484719447749537
Manchester,1208.0,0.4436961974445985
Manchester,1215.0,0.4389342790065521
Manchester,1266.0,0.43409456854021866
Manchester,1302.0,0.42905524955914465
Manchester,1317.0,0.4239909709795914
Manchester,1320.0,0.4189425992090859
Manchester,1411.0,0.41370270598022285
Manchester,1417.0,0.40850200263821684
Manchester,1424.0,0.4032307661265925
Manchester,1475.0,0.3978853946942799
Manchester,1517.0,0.3924708091426264
Manchester,1541.0,0.3869990857550829
Manchester,1560.0,0.381531582270325
Manchester,1582.0,0.3759118710757673
Manchester,1624.0,0.3700994349646673
Manchester,1628.0,0.3643335045942534
Manchester,1647.0,0.35861766593528965
Manchester,1664.0,0.3528828315319765
Manchester,1682.0,0.3471169141955788
Manchester,1701.0,0.3412834699553352
Manchester,1732.0,0.33543866571194925
Manchester,1820.0,0.3295588557309932
Manchester,1825.0,0.3295588557309932
