:centre,:days,:cif-transplant,:cif-removal,:cif-death,:cif-all
Newcastle,0.0,0.0,0.0,0.0,0.0
Newcastle,0.0,0.0038201193,0.0,0.0012502709,0.0101090175
Newcastle,1.0,0.0067035672,0.0,0.0024995913,0.0182354839
Newcastle,2.0,0.0086334985,0.0,0.0049968042,0.0263778677
Newcastle,4.0,0.0105712394,0.0,0.0062511173,0.0325230492
Newcastle,6.0,0.0115426825,0.0,0.0075199936,0.0366509795
Newcastle,7.0,0.0125191326,0.0,0.0075199936,0.0387215828
Newcastle,8.0,0.0134972076,0.0,0.0075199936,0.0407912658
Newcastle,10.0,0.0154584344,0.0,0.0075199936,0.0449245783
Newcastle,11.0,0.0164439159,0.0,0.0075199936,0.047000006
Newcastle,12.0,0.0174300327,0.0,0.0075199936,0.0490742335
Newcastle,13.0,0.0184173793,0.0,0.0075199936,0.0511493201
Newcastle,15.0,0.0194050329,0.0,0.0075199936,0.0532231592
Newcastle,16.0,0.0203925142,0.0,0.0075199936,0.0552951345
Newcastle,17.0,0.0213808194,0.0,0.0075199936,0.0573650587
Newcastle,18.0,0.0243507179,0.0,0.0075199936,0.0635627613
Newcastle,21.0,0.0243507179,0.0,0.0087890148,0.0656316643
Newcastle,22.0,0.0253446764,0.0,0.0100575107,0.0697671948
Newcastle,24.0,0.0283229802,0.0,0.0113275161,0.0780307704
Newcastle,25.0,0.0293193407,0.0,0.0125968449,0.0821705242
Newcastle,28.0,0.0293193407,0.0,0.0138681384,0.0842424823
Newcastle,30.0,0.0313140522,0.0,0.0151408311,0.0904477068
Newcastle,31.0,0.033311319,0.0,0.0164152897,0.0966571813
Newcastle,32.0,0.033311319,0.0,0.0176925313,0.0987298871
Newcastle,33.0,0.0343131913,0.0,0.0176925313,0.1008034338
Newcastle,34.0,0.0353179704,0.0,0.0176925313,0.1028814671
Newcastle,35.0,0.0373311262,0.0,0.0176925313,0.1070452125
Newcastle,36.0,0.0393520874,0.0,0.0176925313,0.1112072325
Newcastle,38.0,0.0393520874,0.0,0.0189689485,0.1132941101
Newcastle,39.0,0.0403647732,0.0,0.0189689485,0.1153793725
Newcastle,40.0,0.0413804785,0.0,0.0202458898,0.1195419666
Newcastle,41.0,0.042399035,0.0,0.0215380751,0.1237276441
Newcastle,42.0,0.0444369997,0.0,0.0215380751,0.1279058661
Newcastle,45.0,0.0454580295,0.0,0.0228300281,0.1320800291
Newcastle,47.0,0.0464823499,0.0,0.0241256248,0.1362609776
Newcastle,48.0,0.0485298212,0.0,0.0241256248,0.1404401506
Newcastle,49.0,0.0505842112,0.0,0.0241256248,0.1446293564
Newcastle,50.0,0.0505842112,0.0,0.0267154676,0.1488146699
Newcastle,51.0,0.0516154846,0.0,0.0280143111,0.1529996011
Newcastle,53.0,0.0536805638,0.0,0.0293160456,0.1592711403
Newcastle,54.0,0.0557499721,0.0,0.0306214261,0.1655391866
Newcastle,57.0,0.0588630547,0.0,0.0306214261,0.1718135624
Newcastle,58.0,0.0588630547,0.0,0.0319272786,0.1739112085
Newcastle,59.0,0.0609426724,0.0,0.0332369346,0.1801834162
Newcastle,60.0,0.0630253821,0.0,0.0332369346,0.1843618856
Newcastle,61.0,0.064072406,0.0,0.0332369346,0.1864526206
Newcastle,62.0,0.0651225016,0.0,0.0332369346,0.1885426676
Newcastle,64.0,0.0651225016,0.0,0.0371616393,0.1947892103
Newcastle,65.0,0.0661720998,0.0,0.0371616393,0.1968730472
Newcastle,67.0,0.0672243705,0.0,0.0371616393,0.1989612334
Newcastle,68.0,0.0682766715,0.0,0.0371616393,0.2010461777
Newcastle,69.0,0.0693286978,0.0,0.0371616393,0.2031297171
Newcastle,70.0,0.0714312099,0.0,0.0371616393,0.2072850903
Newcastle,71.0,0.0724859311,0.0,0.0371616393,0.2093668728
Newcastle,72.0,0.0735419891,0.0,0.0371616393,0.211449266
Newcastle,74.0,0.0756541071,0.0,0.0371616393,0.2156051902
Newcastle,75.0,0.0767110446,0.0,0.0371616393,0.2176837021
Newcastle,77.0,0.077770158,0.0,0.0371616393,0.2197636796
Newcastle,78.0,0.0809477571,0.0,0.0384769691,0.228057547
Newcastle,79.0,0.0820114004,0.0,0.0397938707,0.2321995605
Newcastle,80.0,0.0830763886,0.0,0.0411105041,0.2363329551
Newcastle,81.0,0.0862775042,0.0,0.0424325465,0.2445778569
Newcastle,83.0,0.0862775042,0.0,0.0450765744,0.2487098763
Newcastle,84.0,0.0862775042,0.0,0.0464044929,0.2507833085
Newcastle,86.0,0.0873479837,0.0,0.0464044929,0.2528536709
Newcastle,87.0,0.0873479837,0.0,0.0477348429,0.2549244888
Newcastle,88.0,0.0884240104,0.0,0.0517215197,0.2631610197
Newcastle,89.0,0.0895008838,0.0,0.0517215197,0.2652300309
Newcastle,90.0,0.0895008838,0.0,0.0530586522,0.2672969951
Newcastle,91.0,0.0927292887,0.0,0.0530586522,0.2734740561
Newcastle,92.0,0.0927292887,0.0,0.0557322428,0.2775880228
Newcastle,93.0,0.0927292887,0.0,0.0570742882,0.2796457189
Newcastle,94.0,0.0948925392,0.0,0.0584191506,0.2858111181
Newcastle,95.0,0.0959770435,0.0,0.0584191506,0.2878680044
Newcastle,96.0,0.0959770435,0.0,0.0597657438,0.2899235982
Newcastle,97.0,0.0981444439,0.0,0.0597657438,0.2940250672
Newcastle,98.0,0.099232692,0.0,0.0597657438,0.2960777971
Newcastle,100.0,0.1003237603,0.0,0.0597657438,0.2981357898
Newcastle,101.0,0.1035932647,0.0,0.0611146751,0.3063252725
Newcastle,102.0,0.1057766263,0.0,0.0611146751,0.3104135861
Newcastle,103.0,0.1057766263,0.0,0.0638134381,0.3144947427
Newcastle,104.0,0.106871787,0.0,0.0638134381,0.3165393309
Newcastle,105.0,0.106871787,0.0,0.0651679762,0.3185831162
Newcastle,106.0,0.1079668347,0.0,0.0651679762,0.320628792
Newcastle,107.0,0.1123431079,0.0,0.0665282805,0.3308057498
Newcastle,108.0,0.1145433421,0.0,0.0678916152,0.3369402539
Newcastle,109.0,0.1156516566,0.0,0.0678916152,0.3389903329
Newcastle,111.0,0.1178772769,0.0,0.0678916152,0.3430880825
Newcastle,112.0,0.1201165439,0.0,0.0678916152,0.3471868901
Newcastle,113.0,0.1212412424,0.0,0.0678916152,0.3492418649
Newcastle,114.0,0.1223694326,0.0,0.0692567369,0.3533603578
Newcastle,116.0,0.1234996281,0.0,0.0692567369,0.3554223454
Newcastle,118.0,0.1246325569,0.0,0.0692567369,0.3574904555
Newcastle,119.0,0.1257657516,0.0,0.0692567369,0.3595574614
Newcastle,120.0,0.1269000695,0.0,0.0692567369,0.3616225668
Newcastle,121.0,0.1280406443,0.0,0.0692567369,0.3636876181
Newcastle,122.0,0.1303262153,0.0,0.0706231639,0.3698844646
Newcastle,123.0,0.1314763012,0.0,0.0706231639,0.371955539
Newcastle,125.0,0.133782538,0.0,0.0706231639,0.3760875993
Newcastle,127.0,0.1349433926,0.0,0.0706231639,0.3781617426
Newcastle,128.0,0.1361052217,0.0016796095,0.0706231639,0.3822990255
Newcastle,132.0,0.1372710603,0.0016796095,0.0719910733,0.3864369008
Newcastle,134.0,0.1384410128,0.0016796095,0.0719910733,0.3885122524
Newcastle,135.0,0.1407847313,0.0016796095,0.0719910733,0.3926523205
Newcastle,137.0,0.1419619929,0.0016796095,0.0719910733,0.3947335027
Newcastle,139.0,0.1431421331,0.0016796095,0.0719910733,0.3968127085
Newcastle,140.0,0.1443227144,0.0016796095,0.0719910733,0.3988924484
Newcastle,144.0,0.1455046027,0.0016796095,0.0733609779,0.4030469594
Newcastle,145.0,0.1478674986,0.0016796095,0.074736009,0.4092867435
Newcastle,147.0,0.1514267866,0.0016796095,0.074736009,0.4155610895
Newcastle,148.0,0.1514267866,0.0016796095,0.0774860665,0.4197435641
Newcastle,150.0,0.1526240284,0.0016796095,0.0774860665,0.4218319915
Newcastle,153.0,0.1550204195,0.0016796095,0.0774860665,0.4260032294
Newcastle,154.0,0.1550204195,0.0016796095,0.0788662668,0.4280887648
Newcastle,155.0,0.156221245,0.0016796095,0.0788662668,0.4301710105
Newcastle,156.0,0.1586263852,0.0016796095,0.0788662668,0.4343428161
Newcastle,159.0,0.1598320446,0.0016796095,0.0788662668,0.4364324297
Newcastle,162.0,0.1622464719,0.0016796095,0.0802489724,0.4426713556
Newcastle,164.0,0.1634557696,0.0016796095,0.0816331705,0.4468197683
Newcastle,165.0,0.1658766436,0.0016796095,0.0816331705,0.450969651
Newcastle,166.0,0.16708896,0.0016796095,0.0830195749,0.4551072806
Newcastle,168.0,0.170723058,0.0016796095,0.0830195749,0.461287226
Newcastle,169.0,0.1719378095,0.0016796095,0.0844073863,0.4653989979
Newcastle,170.0,0.1731531252,0.0016796095,0.0844073863,0.4674587192
Newcastle,171.0,0.1743685466,0.0016796095,0.0844073863,0.4695148859
Newcastle,172.0,0.1743685466,0.0016796095,0.0857998793,0.4715698688
Newcastle,173.0,0.1755857329,0.0016796095,0.0857998793,0.4736210959
Newcastle,174.0,0.1755857329,0.0016796095,0.0899658938,0.4797611256
Newcastle,175.0,0.179234447,0.0016796095,0.0899658938,0.4859122485
Newcastle,176.0,0.1804539831,0.0016796095,0.0913626956,0.4900138558
Newcastle,177.0,0.1804539831,0.0033651856,0.0913626956,0.4920653476
Newcastle,178.0,0.1816754927,0.0033651856,0.0913626956,0.4941155334
Newcastle,180.0,0.1829014159,0.0033651856,0.0913626956,0.4961643872
Newcastle,182.0,0.1841300934,0.0033651856,0.0913626956,0.4982110945
Newcastle,183.0,0.1841300934,0.0033651856,0.0927630378,0.5002557467
Newcastle,184.0,0.1853610252,0.0033651856,0.0927630378,0.5023060848
Newcastle,187.0,0.1878213667,0.0033651856,0.0941649956,0.5084230094
Newcastle,189.0,0.1890538802,0.0033651856,0.0941649956,0.5104671764
Newcastle,192.0,0.1902891588,0.0033651856,0.0941649956,0.5125122601
Newcastle,195.0,0.1915271827,0.0033651856,0.0941649956,0.5145575403
Newcastle,198.0,0.1940038735,0.0033651856,0.0955775124,0.5206645664
Newcastle,200.0,0.195246732,0.0033651856,0.0955775124,0.5226992084
Newcastle,201.0,0.1977316311,0.0033651856,0.0955775124,0.526756252
Newcastle,203.0,0.1977316311,0.0033651856,0.0969948371,0.5287824299
Newcastle,204.0,0.1977316311,0.0033651856,0.0984107367,0.530805497
Newcastle,205.0,0.1977316311,0.0033651856,0.0998253506,0.5328259352
Newcastle,206.0,0.1989767594,0.0033651856,0.1012414594,0.5368639004
Newcastle,208.0,0.2002245604,0.0033651856,0.1012414594,0.5388826596
Newcastle,212.0,0.2027194682,0.0033651856,0.1012414594,0.5429062959
Newcastle,217.0,0.2039672514,0.0033651856,0.1012414594,0.5449129477
Newcastle,218.0,0.2052183036,0.0033651856,0.1012414594,0.5469168503
Newcastle,221.0,0.2064706382,0.0033651856,0.1012414594,0.5489156602
Newcastle,223.0,0.2077248865,0.0033651856,0.1012414594,0.5509110216
Newcastle,224.0,0.2089833554,0.0033651856,0.1026626262,0.5548885756
Newcastle,225.0,0.2089833554,0.0033651856,0.104085906,0.5568720416
Newcastle,226.0,0.2089833554,0.0033651856,0.1055079941,0.5588510062
Newcastle,227.0,0.2102415849,0.0033651856,0.1055079941,0.5608316735
Newcastle,229.0,0.211505092,0.0033651856,0.1069287857,0.5647816678
Newcastle,230.0,0.214036815,0.0033651856,0.1097651046,0.5726268835
Newcastle,231.0,0.2153118069,0.0033651856,0.1097651046,0.5745959663
Newcastle,232.0,0.2165911927,0.0033651856,0.1097651046,0.5765664795
Newcastle,233.0,0.2191540335,0.0033651856,0.1097651046,0.5805192737
Newcastle,234.0,0.2204437883,0.0033651856,0.1097651046,0.5824970595
Newcastle,235.0,0.2217362638,0.0033651856,0.1097651046,0.5844758632
Newcastle,236.0,0.2230320486,0.0033651856,0.1097651046,0.5864543862
Newcastle,238.0,0.2230320486,0.0033651856,0.1111934579,0.58842978
Newcastle,239.0,0.2243319363,0.0033651856,0.1126246222,0.5923664811
Newcastle,240.0,0.2243319363,0.0033651856,0.1140588619,0.5943317345
Newcastle,242.0,0.2256365072,0.0033651856,0.1140588619,0.5962961204
Newcastle,243.0,0.2269438408,0.0033651856,0.1140588619,0.5982621274
Newcastle,247.0,0.2282528276,0.0033651856,0.1140588619,0.6002325613
Newcastle,248.0,0.2282528276,0.0033651856,0.1154994998,0.6022037307
Newcastle,250.0,0.2282528276,0.0033651856,0.1169416754,0.6041693871
Newcastle,252.0,0.2295633121,0.0033651856,0.1169416754,0.6061330209
Newcastle,255.0,0.2308783382,0.0033651856,0.1169416754,0.6080945838
Newcastle,256.0,0.2321975716,0.0033651856,0.1169416754,0.6100529798
Newcastle,257.0,0.2335183116,0.0033651856,0.1169416754,0.6120090852
Newcastle,258.0,0.2348401806,0.0033651856,0.1169416754,0.6139623716
Newcastle,260.0,0.2361662824,0.0033651856,0.1183833459,0.6178530975
Newcastle,261.0,0.237495131,0.0033651856,0.1183833459,0.6197991956
Newcastle,264.0,0.237495131,0.0050506584,0.1183833459,0.6217429124
Newcastle,265.0,0.2401559942,0.0050506584,0.1183833459,0.6256183019
Newcastle,266.0,0.2414881912,0.0050506584,0.1198245852,0.6294766202
Newcastle,268.0,0.2414881912,0.0050506584,0.1212680767,0.6314113205
Newcastle,270.0,0.2428257621,0.0050506584,0.1212680767,0.633342864
Newcastle,277.0,0.2428257621,0.0050506584,0.1241675977,0.6371867723
Newcastle,278.0,0.2428257621,0.0050506584,0.125627387,0.6391137784
Newcastle,280.0,0.2455021844,0.0050506584,0.125627387,0.6429483145
Newcastle,281.0,0.2481926035,0.0050506584,0.125627387,0.6467776479
Newcastle,282.0,0.2495454877,0.0050506584,0.1270896346,0.6506269016
Newcastle,283.0,0.2508985157,0.0050506584,0.1270896346,0.6525569371
Newcastle,285.0,0.2522552215,0.0050506584,0.1285553104,0.656398389
Newcastle,293.0,0.2536134841,0.0050506584,0.1285553104,0.6583197261
Newcastle,296.0,0.2536134841,0.006735035,0.1285553104,0.6602376779
Newcastle,300.0,0.256330253,0.006735035,0.1285553104,0.664052298
Newcastle,301.0,0.2576905893,0.006735035,0.1285553104,0.6659593709
Newcastle,303.0,0.2590548001,0.006735035,0.1285553104,0.6678667548
Newcastle,305.0,0.2590548001,0.006735035,0.1300245082,0.6697712734
Newcastle,306.0,0.2590548001,0.006735035,0.1314923208,0.6716718093
Newcastle,307.0,0.2617857492,0.006735035,0.1314923208,0.6754568732
Newcastle,308.0,0.2631556899,0.0084203357,0.1314923208,0.6792345701
Newcastle,310.0,0.2645263498,0.0084203357,0.1314923208,0.6811313579
Newcastle,311.0,0.2658999697,0.0084203357,0.1314923208,0.6830231071
Newcastle,314.0,0.267274792,0.0084203357,0.1314923208,0.6849086362
Newcastle,315.0,0.267274792,0.0101052804,0.1314923208,0.6867956945
Newcastle,322.0,0.2686531073,0.0101052804,0.1329610087,0.6905525026
Newcastle,323.0,0.2700326178,0.0101052804,0.1329610087,0.6924303353
Newcastle,325.0,0.2714126211,0.0101052804,0.1329610087,0.6943089833
Newcastle,326.0,0.2727923365,0.0101052804,0.1329610087,0.6961817964
Newcastle,330.0,0.2727923365,0.0101052804,0.1344322592,0.6980503827
Newcastle,343.0,0.2755512363,0.0101052804,0.1373735326,0.705473906
Newcastle,345.0,0.2769378368,0.0101052804,0.1373735326,0.7073304376
Newcastle,346.0,0.2783250338,0.0101052804,0.1373735326,0.7091803711
Newcastle,360.0,0.2797148808,0.0101052804,0.1373735326,0.7110308119
Newcastle,362.0,0.281115057,0.0101052804,0.1388557514,0.7147515528
Newcastle,363.0,0.2825196273,0.0101052804,0.1388557514,0.7166078567
Newcastle,366.0,0.2839294595,0.0101052804,0.1388557514,0.7184609892
Newcastle,367.0,0.2853421436,0.0101052804,0.1388557514,0.7203153446
Newcastle,369.0,0.2853421436,0.0101052804,0.1403373103,0.722178742
Newcastle,370.0,0.2867602752,0.0101052804,0.1403373103,0.7240347734
Newcastle,373.0,0.2867602752,0.0101052804,0.1418198538,0.7258840608
Newcastle,377.0,0.2881781968,0.0101052804,0.1418198538,0.7277330064
Newcastle,384.0,0.2895996147,0.0101052804,0.1433154698,0.7314089622
Newcastle,385.0,0.2910258341,0.0101052804,0.1433154698,0.7332489128
Newcastle,387.0,0.2910258341,0.0101052804,0.1448164028,0.7350858754
Newcastle,388.0,0.2924537107,0.0101052804,0.1448164028,0.7369168896
Newcastle,390.0,0.2938834542,0.0101052804,0.1448164028,0.7387429403
Newcastle,391.0,0.2938834542,0.0101052804,0.1463270054,0.7405618517
Newcastle,392.0,0.2953125669,0.0101052804,0.1463270054,0.7423764861
Newcastle,394.0,0.2967457457,0.0101052804,0.1463270054,0.744188548
Newcastle,395.0,0.2981782952,0.0101052804,0.1463270054,0.7460056371
Newcastle,401.0,0.2996102703,0.0101052804,0.1463270054,0.7478191258
Newcastle,404.0,0.3010433335,0.0101052804,0.1463270054,0.7496291897
Newcastle,406.0,0.3039178023,0.0101052804,0.1463270054,0.7532333667
Newcastle,408.0,0.3053594297,0.0101052804,0.147840881,0.7568250793
Newcastle,411.0,0.3053594297,0.0101052804,0.1493554034,0.7586275204
Newcastle,413.0,0.3068028663,0.0101052804,0.1508731569,0.7622178866
Newcastle,422.0,0.3082479032,0.0101052804,0.1508731569,0.7640094199
Newcastle,424.0,0.3097057976,0.0101052804,0.1508731569,0.765803781
Newcastle,431.0,0.3126250699,0.0101052804,0.1508731569,0.7693687648
Newcastle,432.0,0.3126250699,0.0101052804,0.1523926936,0.7711439413
Newcastle,433.0,0.3155546569,0.0101052804,0.1523926936,0.7746723925
Newcastle,434.0,0.3155546569,0.0117926916,0.1523926936,0.7764364628
Newcastle,439.0,0.3155546569,0.0117926916,0.1539109885,0.7781967053
Newcastle,441.0,0.3155546569,0.013480281,0.1539109885,0.7799476165
Newcastle,447.0,0.317028024,0.013480281,0.1539109885,0.7816913412
Newcastle,450.0,0.3185071477,0.013480281,0.1539109885,0.7834305556
Newcastle,451.0,0.3199856752,0.013480281,0.1539109885,0.7851663553
Newcastle,452.0,0.3199856752,0.0151741605,0.1539109885,0.7869011092
Newcastle,459.0,0.3214678054,0.0151741605,0.1539109885,0.7886316628
Newcastle,468.0,0.3214678054,0.0151741605,0.1554314178,0.7903579324
Newcastle,470.0,0.3229500069,0.0151741605,0.1554314178,0.7920802969
Newcastle,471.0,0.3244317529,0.0151741605,0.1554314178,0.793797029
Newcastle,472.0,0.3259160883,0.0151741605,0.1554314178,0.7955161548
Newcastle,473.0,0.3274059821,0.0151741605,0.1554314178,0.7972377497
Newcastle,474.0,0.3303981097,0.0151741605,0.1554314178,0.8006601662
Newcastle,475.0,0.3303981097,0.0151741605,0.1569534893,0.802369396
Newcastle,481.0,0.3319047213,0.0151741605,0.1569534893,0.804074624
Newcastle,482.0,0.3334119489,0.0151741605,0.1569534893,0.8057755161
Newcastle,488.0,0.33491884,0.0151741605,0.1569534893,0.8074679533
Newcastle,494.0,0.336427123,0.0168692219,0.1569534893,0.8108462647
Newcastle,498.0,0.3379376309,0.0168692219,0.1569534893,0.8125414831
Newcastle,502.0,0.3394481509,0.0168692219,0.1584763706,0.8159002609
Newcastle,503.0,0.3409603025,0.0168692219,0.1584763706,0.8175797519
Newcastle,506.0,0.3409603025,0.0185620498,0.1584763706,0.8192577345
Newcastle,512.0,0.3424796248,0.0185620498,0.1584763706,0.8209300584
Newcastle,513.0,0.3424796248,0.0202561533,0.1599975159,0.8242480293
Newcastle,517.0,0.3440042072,0.0202561533,0.1599975159,0.8259192301
Newcastle,519.0,0.3455308948,0.0202561533,0.1599975159,0.8275832627
Newcastle,525.0,0.3455308948,0.0202561533,0.1615225215,0.8292484481
Newcastle,526.0,0.3470679984,0.0202561533,0.1630463575,0.8325460615
Newcastle,527.0,0.3486098946,0.0202561533,0.1630463575,0.8342009544
Newcastle,531.0,0.3501526512,0.0202561533,0.1630463575,0.8358512184
Newcastle,533.0,0.3517016261,0.0202561533,0.1630463575,0.8374989481
Newcastle,534.0,0.3532514086,0.0202561533,0.1645708058,0.8407672153
Newcastle,541.0,0.3532514086,0.0202561533,0.1661002623,0.8423995809
Newcastle,547.0,0.3548013326,0.0202561533,0.1661002623,0.84402718
Newcastle,553.0,0.3548013326,0.0202561533,0.1676307581,0.8456675619
Newcastle,558.0,0.3563618565,0.0202561533,0.1691632521,0.8489283525
Newcastle,559.0,0.3579219369,0.0202561533,0.1691632521,0.8505472626
Newcastle,560.0,0.3594968722,0.0202561533,0.1706935265,0.8537714883
Newcastle,566.0,0.3610732928,0.0202561533,0.1706935265,0.8553746177
Newcastle,576.0,0.3642285278,0.0202561533,0.1706935265,0.8585602377
Newcastle,578.0,0.3658183287,0.0202561533,0.1706935265,0.860158679
Newcastle,579.0,0.3674074179,0.0202561533,0.1706935265,0.861746866
Newcastle,583.0,0.3690038035,0.0202561533,0.1706935265,0.8633350013
Newcastle,585.0,0.3690038035,0.0202561533,0.1722247518,0.8649129098
Newcastle,586.0,0.3706014925,0.0202561533,0.1722247518,0.866492225
Newcastle,589.0,0.3721994908,0.0202561533,0.1722247518,0.8680601188
Newcastle,590.0,0.3721994908,0.0202561533,0.1737637864,0.8696202808
Newcastle,591.0,0.373801739,0.0219494684,0.1737637864,0.8727016439
Newcastle,595.0,0.3754084856,0.0219494684,0.1737637864,0.8742402101
Newcastle,599.0,0.3770153633,0.0219494684,0.1737637864,0.8757748639
Newcastle,600.0,0.3786249863,0.0219494684,0.1737637864,0.8773043274
Newcastle,602.0,0.3786249863,0.0219494684,0.17530451,0.8788301472
Newcastle,604.0,0.3802418058,0.0219494684,0.17530451,0.8803557151
Newcastle,606.0,0.3818666291,0.0219494684,0.1768481579,0.8833786012
Newcastle,608.0,0.3851184663,0.0219494684,0.1768481579,0.8863689879
Newcastle,615.0,0.3867496537,0.0219494684,0.1768481579,0.8878573074
Newcastle,616.0,0.3883856813,0.0219494684,0.1768481579,0.8893368303
Newcastle,617.0,0.3883856813,0.0236419749,0.1768481579,0.8908221723
Newcastle,619.0,0.3900252272,0.0236419749,0.1768481579,0.8923013471
Newcastle,627.0,0.391663001,0.0236419749,0.1768481579,0.8937704624
Newcastle,630.0,0.3933022715,0.0236419749,0.1768481579,0.8952335787
Newcastle,633.0,0.394945423,0.0236419749,0.1768481579,0.8966857081
Newcastle,637.0,0.3965917913,0.0236419749,0.1768481579,0.8981320071
Newcastle,638.0,0.3982396592,0.0236419749,0.1768481579,0.899572047
Newcastle,642.0,0.3998864994,0.0236419749,0.1768481579,0.9010013775
Newcastle,645.0,0.3998864994,0.0253337157,0.1768481579,0.902426687
Newcastle,646.0,0.4015400404,0.0253337157,0.1768481579,0.903847682
Newcastle,647.0,0.4031984262,0.0253337157,0.1783931023,0.9066455147
Newcastle,651.0,0.4065161968,0.0253337157,0.1783931023,0.9094211085
Newcastle,654.0,0.4081850795,0.0253337157,0.1783931023,0.9108147783
Newcastle,655.0,0.4081850795,0.0270248507,0.1783931023,0.9121979632
Newcastle,665.0,0.4098531231,0.0270248507,0.1783931023,0.9135749087
Newcastle,666.0,0.4098531231,0.0287201724,0.1783931023,0.9149400504
Newcastle,670.0,0.4115197376,0.0287201724,0.1783931023,0.9162975147
Newcastle,672.0,0.4131854874,0.0287201724,0.1783931023,0.9176432109
Newcastle,673.0,0.4148520486,0.0287201724,0.1783931023,0.9189773896
Newcastle,680.0,0.42149793,0.0287201724,0.1783931023,0.9241831035
Newcastle,682.0,0.42149793,0.0287201724,0.1799370782,0.9255008792
Newcastle,683.0,0.4231858798,0.0287201724,0.1830245307,0.9293638986
Newcastle,694.0,0.4231858798,0.0287201724,0.1845829982,0.9306601815
Newcastle,699.0,0.4248741241,0.0287201724,0.1845829982,0.9319474984
Newcastle,702.0,0.4265632157,0.0287201724,0.1845829982,0.933222669
Newcastle,709.0,0.4265632157,0.0287201724,0.1861398397,0.9345149882
Newcastle,721.0,0.4282642924,0.0287201724,0.1861398397,0.9357934654
Newcastle,729.0,0.4282642924,0.0304168127,0.1861398397,0.9370598845
Newcastle,730.0,0.429964577,0.0304168127,0.1861398397,0.9383115992
Newcastle,734.0,0.429964577,0.0304168127,0.1876978307,0.9395492258
Newcastle,735.0,0.4316696145,0.0304168127,0.1876978307,0.940782848
Newcastle,744.0,0.4316696145,0.0321197724,0.1876978307,0.9420089863
Newcastle,762.0,0.4333779391,0.0321197724,0.1876978307,0.9432255665
Newcastle,770.0,0.4333779391,0.0321197724,0.1892545891,0.9444442938
Newcastle,771.0,0.4350879144,0.0321197724,0.1892545891,0.9456560151
Newcastle,778.0,0.4350879144,0.0321197724,0.190810423,0.9468604978
Newcastle,791.0,0.4350879144,0.0321197724,0.1923686137,0.9480718179
Newcastle,805.0,0.4368204628,0.0321197724,0.1923686137,0.9492941299
Newcastle,809.0,0.4385556606,0.0321197724,0.1923686137,0.9505091613
Newcastle,819.0,0.4402992634,0.0321197724,0.1923686137,0.9517147613
Newcastle,821.0,0.4420481024,0.0321197724,0.1923686137,0.9529095979
Newcastle,826.0,0.4420481024,0.0321197724,0.1939574489,0.954107339
Newcastle,827.0,0.4438023632,0.0321197724,0.1939574489,0.9552982553
Newcastle,831.0,0.4438023632,0.0321197724,0.1955472075,0.9564719259
Newcastle,845.0,0.4455769707,0.0321197724,0.1955472075,0.9576474999
Newcastle,855.0,0.4473677168,0.0338870005,0.1955472075,0.959991651
Newcastle,856.0,0.4491623192,0.0338870005,0.1955472075,0.9611534122
Newcastle,864.0,0.4509971788,0.0338870005,0.1955472075,0.9623397793
Newcastle,865.0,0.4509971788,0.0338870005,0.1971937133,0.9635082788
Newcastle,876.0,0.4528732371,0.0338870005,0.1971937133,0.9646811681
Newcastle,879.0,0.4547562855,0.0338870005,0.1971937133,0.965839142
Newcastle,883.0,0.4566384768,0.0338870005,0.1971937133,0.9669758088
Newcastle,917.0,0.4585198476,0.0338870005,0.1971937133,0.9680898804
Newcastle,919.0,0.4604022315,0.0338870005,0.1971937133,0.9691839141
Newcastle,921.0,0.46229281,0.0338870005,0.1971937133,0.9702580046
Newcastle,931.0,0.4641868133,0.0338870005,0.1971937133,0.9713118967
Newcastle,934.0,0.4641868133,0.0357191924,0.1971937133,0.9723564614
Newcastle,954.0,0.4641868133,0.0357191924,0.1988718979,0.9733898248
Newcastle,1007.0,0.4641868133,0.0376430936,0.1988718979,0.9744624011
Newcastle,1015.0,0.4641868133,0.0395683954,0.1988718979,0.9755144532
Newcastle,1016.0,0.4661736633,0.0395683954,0.1988718979,0.9765447784
Newcastle,1046.0,0.4681577591,0.0395683954,0.1988718979,0.9775518915
Newcastle,1048.0,0.4701453533,0.0395683954,0.1988718979,0.9785342302
Newcastle,1054.0,0.4721312055,0.0395683954,0.1988718979,0.9794927887
Newcastle,1078.0,0.474113941,0.0395683954,0.1988718979,0.9804203767
Newcastle,1081.0,0.474113941,0.0395683954,0.2006473744,0.9813523293
Newcastle,1092.0,0.474113941,0.0395683954,0.2024259318,0.9822533242
Newcastle,1095.0,0.474113941,0.0395683954,0.2024259318,0.9822533242
Papworth,0.0,0.0,0.0,0.0,0.0
Papworth,0.0,0.0,0.0010902164,0.0,0.0041502593
Papworth,3.0,0.005262529,0.0010902164,0.0,0.0165154102
Papworth,4.0,0.0087988473,0.0010902164,0.0,0.0247565261
Papworth,5.0,0.0123393442,0.0010902164,0.0,0.0329870908
Papworth,6.0,0.0158892992,0.0010902164,0.0,0.0411869854
Papworth,7.0,0.0212475219,0.0010902164,0.0,0.053441912
Papworth,9.0,0.0230463743,0.0010902164,0.0,0.0575363039
Papworth,11.0,0.028431483,0.0010902164,0.0,0.0697557224
Papworth,12.0,0.0302289758,0.0010902164,3.406166E-4,0.0778605816
Papworth,13.0,0.0320298618,0.0010902164,3.406166E-4,0.0819125626
Papworth,14.0,0.0356311147,0.0021828828,3.406166E-4,0.0939900764
Papworth,15.0,0.0374402003,0.0021828828,3.406166E-4,0.0980168145
Papworth,16.0,0.0392537495,0.0021828828,3.406166E-4,0.1020366844
Papworth,17.0,0.0483105767,0.0021828828,6.823872E-4,0.1258299122
Papworth,18.0,0.0538105782,0.0021828828,6.823872E-4,0.1377165289
Papworth,19.0,0.0556524675,0.0021828828,6.823872E-4,0.1416758777
Papworth,20.0,0.0574974126,0.0021828828,6.823872E-4,0.145635762
Papworth,21.0,0.0593510622,0.0021828828,6.823872E-4,0.1496007981
Papworth,22.0,0.0612063993,0.0021828828,0.0013702795,0.161413064
Papworth,25.0,0.0630645211,0.0021828828,0.0017173579,0.1692991765
Papworth,26.0,0.0741749774,0.0021828828,0.0017173579,0.1926675099
Papworth,27.0,0.077950837,0.0021828828,0.0017173579,0.2004729854
Papworth,28.0,0.081738621,0.0021828828,0.0017173579,0.2082383025
Papworth,30.0,0.0855299442,0.0021828828,0.0017173579,0.215983314
Papworth,32.0,0.0874387172,0.0021828828,0.0017173579,0.2198504574
Papworth,33.0,0.0912545234,0.0021828828,0.0017173579,0.2275745717
Papworth,34.0,0.093170061,0.0021828828,0.0017173579,0.2314432755
Papworth,35.0,0.0950939093,0.0021828828,0.0017173579,0.2353071328
Papworth,37.0,0.10084952,0.0021828828,0.0017173579,0.2468540763
Papworth,39.0,0.1027764758,0.0021828828,0.0020703196,0.2545342465
Papworth,40.0,0.108567386,0.0021828828,0.0020703196,0.2660019368
Papworth,42.0,0.1105178694,0.0032816786,0.0024261964,0.2774346693
Papworth,43.0,0.1124836248,0.0032816786,0.0027826772,0.2850527925
Papworth,44.0,0.1183812143,0.0032816786,0.0027826772,0.2964119965
Papworth,46.0,0.1263205647,0.0032816786,0.0027826772,0.3114794756
Papworth,48.0,0.1283324421,0.0032816786,0.0031410212,0.319007229
Papworth,49.0,0.1303481397,0.0032816786,0.0031410212,0.3227674598
Papworth,50.0,0.1323716998,0.0032816786,0.0038597693,0.333982144
Papworth,51.0,0.1343949061,0.0032816786,0.0038597693,0.3377304873
Papworth,52.0,0.1384437371,0.0032816786,0.0038597693,0.3452194898
Papworth,55.0,0.1445472508,0.0043856265,0.0038597693,0.3601081606
Papworth,56.0,0.1486455296,0.0043856265,0.0042217041,0.371256864
Papworth,57.0,0.1569192993,0.0043856265,0.0042217041,0.3860396243
Papworth,61.0,0.1590276895,0.0043856265,0.0045875323,0.3934493736
Papworth,62.0,0.165333741,0.0043856265,0.0045875323,0.4044833765
Papworth,63.0,0.1696169025,0.0043856265,0.0053283483,0.4191280887
Papworth,64.0,0.1717894391,0.0043856265,0.0053283483,0.4228019061
Papworth,65.0,0.17612983,0.0043856265,0.0053283483,0.4301102733
Papworth,67.0,0.1804930621,0.0043856265,0.0053283483,0.4374225263
Papworth,69.0,0.1804930621,0.0043856265,0.0057032783,0.4410977811
Papworth,70.0,0.1849017335,0.0043856265,0.0057032783,0.4484126692
Papworth,76.0,0.1849017335,0.0043856265,0.0060784841,0.4520931238
Papworth,77.0,0.1871262965,0.0043856265,0.0060784841,0.4557712689
Papworth,78.0,0.1893539315,0.0043856265,0.0060784841,0.459436763
Papworth,79.0,0.1915835059,0.0043856265,0.0060784841,0.4630850426
Papworth,81.0,0.1938204225,0.0043856265,0.0060784841,0.4667296417
Papworth,83.0,0.19829269,0.0043856265,0.0060784841,0.4739708926
Papworth,86.0,0.19829269,0.0043856265,0.0064562451,0.4776118674
Papworth,87.0,0.2005760524,0.0043856265,0.0064562451,0.4812389905
Papworth,88.0,0.2028632763,0.0043856265,0.0064562451,0.4848595107
Papworth,89.0,0.2028632763,0.0054914433,0.0068370426,0.492052368
Papworth,92.0,0.2051627599,0.0054914433,0.0068370426,0.4956425776
Papworth,93.0,0.2097699272,0.0054914433,0.0068370426,0.502772517
Papworth,94.0,0.2143892946,0.0054914433,0.0068370426,0.5098778342
Papworth,95.0,0.2190276655,0.0054914433,0.0068370426,0.5169754382
Papworth,96.0,0.2213529143,0.0054914433,0.0068370426,0.5205320616
Papworth,98.0,0.2236778145,0.0054914433,0.0068370426,0.5240868258
Papworth,99.0,0.226022919,0.0065994907,0.0068370426,0.5311612034
Papworth,100.0,0.2283722515,0.0065994907,0.0072227511,0.5381941875
Papworth,101.0,0.2307208143,0.0065994907,0.0072227511,0.5417044321
Papworth,104.0,0.233075778,0.0065994907,0.0072227511,0.5452058205
Papworth,105.0,0.235434865,0.0065994907,0.0072227511,0.5486960594
Papworth,106.0,0.2377946029,0.0065994907,0.0072227511,0.5521823258
Papworth,109.0,0.2425034736,0.0065994907,0.0072227511,0.5591093355
Papworth,112.0,0.2449103264,0.0065994907,0.0072227511,0.5625837089
Papworth,114.0,0.2473295261,0.0065994907,0.0072227511,0.5660471436
Papworth,116.0,0.2497459406,0.0065994907,0.0072227511,0.5694941721
Papworth,118.0,0.259434097,0.0065994907,0.0072227511,0.5831427236
Papworth,120.0,0.2643149229,0.0065994907,0.0072227511,0.5899296767
Papworth,122.0,0.2716442864,0.0065994907,0.0072227511,0.5999983157
Papworth,124.0,0.2741117452,0.0065994907,0.0072227511,0.6033597243
Papworth,126.0,0.2790426967,0.0065994907,0.0072227511,0.6100440049
Papworth,128.0,0.2840011262,0.0065994907,0.0072227511,0.6167046962
Papworth,129.0,0.2864952528,0.0065994907,0.0072227511,0.6200311646
Papworth,130.0,0.2914874604,0.0065994907,0.0072227511,0.626628307
Papworth,131.0,0.2940129549,0.0065994907,0.0072227511,0.6299190145
Papworth,132.0,0.2940129549,0.0065994907,0.0076110979,0.6331949491
Papworth,133.0,0.2940129549,0.0065994907,0.0080068191,0.6364592071
Papworth,136.0,0.2965442507,0.0065994907,0.0080068191,0.6397101147
Papworth,140.0,0.2990972152,0.0065994907,0.0080068191,0.64296179
Papworth,143.0,0.2990972152,0.0065994907,0.0084069662,0.6462027686
Papworth,146.0,0.3016691402,0.0077101492,0.0084069662,0.6526389537
Papworth,147.0,0.3016691402,0.0088248425,0.0084069662,0.6558679934
Papworth,149.0,0.3042553554,0.0088248425,0.0084069662,0.6590840107
Papworth,150.0,0.3068500902,0.0088248425,0.0084069662,0.6622957255
Papworth,152.0,0.3094470701,0.0088248425,0.0084069662,0.6655045493
Papworth,154.0,0.3120459839,0.0088248425,0.0084069662,0.6687135779
Papworth,155.0,0.3146500705,0.0088248425,0.0084069662,0.6719142383
Papworth,158.0,0.3146500705,0.0088248425,0.0088087414,0.675100148
Papworth,159.0,0.3172529475,0.0088248425,0.0088087414,0.6782683357
Papworth,160.0,0.3198595945,0.0088248425,0.0088087414,0.6814252769
Papworth,163.0,0.3224655984,0.0088248425,0.0088087414,0.6845708631
Papworth,165.0,0.3250821852,0.0088248425,0.0088087414,0.6877052865
Papworth,166.0,0.3277198617,0.0088248425,0.0088087414,0.6908409167
Papworth,169.0,0.3303563528,0.0088248425,0.0088087414,0.6939610939
Papworth,174.0,0.3303563528,0.0099452334,0.0088087414,0.6970831022
Papworth,175.0,0.3329960237,0.0099452334,0.0088087414,0.700189959
Papworth,176.0,0.3356499301,0.0099452334,0.0088087414,0.7032907381
Papworth,178.0,0.3356499301,0.0099452334,0.0092131377,0.7063799884
Papworth,180.0,0.3356499301,0.0099452334,0.009618774,0.7094542836
Papworth,181.0,0.3383093793,0.0099452334,0.009618774,0.7125253256
Papworth,182.0,0.3410010248,0.0099452334,0.0104334477,0.7216584079
Papworth,183.0,0.3436907326,0.0099452334,0.0104334477,0.7247026316
Papworth,188.0,0.346377419,0.0099452334,0.0104334477,0.7277379227
Papworth,190.0,0.3490912282,0.0099452334,0.0104334477,0.7307789088
Papworth,191.0,0.3518127063,0.0099452334,0.0104334477,0.7338116852
Papworth,193.0,0.3545307248,0.0099452334,0.0104334477,0.7368284811
Papworth,194.0,0.3545307248,0.0099452334,0.0108442479,0.7398287667
Papworth,197.0,0.3572472701,0.0099452334,0.0108442479,0.7428065593
Papworth,200.0,0.3653478669,0.0099452334,0.0108442479,0.7515688589
Papworth,201.0,0.3681255433,0.0099452334,0.0108442479,0.7544992388
Papworth,203.0,0.370909857,0.0099452334,0.0108442479,0.7574146504
Papworth,204.0,0.370909857,0.011084462,0.0108442479,0.7603231398
Papworth,205.0,0.3737073782,0.011084462,0.0108442479,0.7632153794
Papworth,209.0,0.3765318156,0.011084462,0.0108442479,0.7660943968
Papworth,223.0,0.3765318156,0.011084462,0.0112560426,0.7689510946
Papworth,224.0,0.3849608421,0.011084462,0.0112560426,0.7773483787
Papworth,225.0,0.3878305237,0.011084462,0.0112560426,0.7801601396
Papworth,226.0,0.3935656245,0.011084462,0.0112560426,0.7857126095
Papworth,227.0,0.3935656245,0.011084462,0.0116683663,0.7884826955
Papworth,228.0,0.3964572538,0.011084462,0.0116683663,0.7912483215
Papworth,232.0,0.3993548706,0.0122245515,0.0116683663,0.7967175762
Papworth,233.0,0.4022412559,0.0122245515,0.0116683663,0.7994269705
Papworth,235.0,0.4022412559,0.0133670633,0.0116683663,0.8021425883
Papworth,237.0,0.4051863076,0.0133670633,0.0120851117,0.807510926
Papworth,239.0,0.4051863076,0.0133670633,0.0125038684,0.8101729576
Papworth,241.0,0.4081405361,0.0133670633,0.0125038684,0.8128078662
Papworth,242.0,0.4111412975,0.0133670633,0.0125038684,0.8154335457
Papworth,244.0,0.4141568642,0.0133670633,0.0125038684,0.8180538899
Papworth,248.0,0.4171804056,0.0133670633,0.0125038684,0.8206678691
Papworth,251.0,0.4202040652,0.0133670633,0.0129241443,0.8258206008
Papworth,254.0,0.4232205949,0.0133670633,0.0129241443,0.8283910297
Papworth,257.0,0.4262317898,0.0133670633,0.0129241443,0.8309393647
Papworth,258.0,0.4292452459,0.0133670633,0.0133502996,0.8359722163
Papworth,259.0,0.4322587289,0.0133670633,0.0133502996,0.8384722501
Papworth,261.0,0.4322587289,0.0133670633,0.01377843,0.840963266
Papworth,263.0,0.4352942325,0.0133670633,0.01377843,0.8434376375
Papworth,266.0,0.4383433624,0.0133670633,0.01377843,0.8458903258
Papworth,268.0,0.4414150056,0.0133670633,0.01377843,0.8483374966
Papworth,271.0,0.4414150056,0.0133670633,0.0142090413,0.8507887764
Papworth,273.0,0.4414150056,0.0145123827,0.0142090413,0.8532161886
Papworth,274.0,0.4445092278,0.0145123827,0.0142090413,0.8556370898
Papworth,282.0,0.4476058783,0.0145123827,0.0142090413,0.8580415544
Papworth,286.0,0.4507022894,0.0145123827,0.0142090413,0.8604202694
Papworth,288.0,0.4507022894,0.015659669,0.0142090413,0.8627877963
Papworth,294.0,0.4569632342,0.015659669,0.0146418435,0.8697415057
Papworth,295.0,0.4601777572,0.015659669,0.0146418435,0.8720747917
Papworth,297.0,0.4633878779,0.015659669,0.0146418435,0.8743885174
Papworth,302.0,0.4633878779,0.015659669,0.0150757325,0.8766890166
Papworth,304.0,0.4633878779,0.015659669,0.0155155755,0.8789793501
Papworth,306.0,0.4665946947,0.015659669,0.0155155755,0.8812699908
Papworth,310.0,0.4665946947,0.015659669,0.01596097,0.8835486317
Papworth,319.0,0.4698053293,0.015659669,0.01596097,0.8858135996
Papworth,320.0,0.4698053293,0.015659669,0.0164096422,0.8880619197
Papworth,327.0,0.4730139609,0.015659669,0.0164096422,0.8902915923
Papworth,330.0,0.4762452088,0.0168090146,0.0164096422,0.8946584466
Papworth,336.0,0.4826993659,0.0168090146,0.0168605018,0.9011355934
Papworth,338.0,0.4859403598,0.0168090146,0.0173130667,0.9053366356
Papworth,342.0,0.4859403598,0.0168090146,0.0177678778,0.90746262
Papworth,353.0,0.4892153828,0.0168090146,0.0182251883,0.9116254526
Papworth,355.0,0.4892153828,0.0168090146,0.0186839494,0.9136685209
Papworth,361.0,0.4892153828,0.0168090146,0.0191426103,0.9157009967
Papworth,364.0,0.4892153828,0.0168090146,0.0196032246,0.9177093103
Papworth,371.0,0.4924848356,0.0168090146,0.0196032246,0.9196896719
Papworth,383.0,0.4924848356,0.0168090146,0.0200697115,0.9216448164
Papworth,385.0,0.4957793195,0.0168090146,0.0200697115,0.9235812537
Papworth,386.0,0.4990979974,0.0168090146,0.0200697115,0.9255117069
Papworth,390.0,0.5056990355,0.0168090146,0.0200697115,0.9292606182
Papworth,392.0,0.5056990355,0.0179580106,0.0200697115,0.9311312976
Papworth,399.0,0.5056990355,0.0191121528,0.0200697115,0.9329706529
Papworth,400.0,0.5056990355,0.0191121528,0.0205541106,0.9347882291
Papworth,402.0,0.5090218369,0.0191121528,0.0205541106,0.9365833098
Papworth,412.0,0.5123468562,0.0191121528,0.0205541106,0.9383588264
Papworth,413.0,0.5157524617,0.0191121528,0.0205541106,0.9401373047
Papworth,424.0,0.5191767136,0.0191121528,0.0205541106,0.9419053251
Papworth,428.0,0.522616228,0.0191121528,0.0205541106,0.9436469632
Papworth,444.0,0.522616228,0.0191121528,0.0210390698,0.9453649287
Papworth,448.0,0.522616228,0.0191121528,0.0215314103,0.9470513932
Papworth,453.0,0.5260803178,0.0191121528,0.0215314103,0.9487055993
Papworth,456.0,0.5260803178,0.0191121528,0.0220264785,0.9503348897
Papworth,469.0,0.5295322349,0.0191121528,0.0220264785,0.9519437128
Papworth,473.0,0.5329885148,0.0191121528,0.0220264785,0.9535253062
Papworth,477.0,0.5329885148,0.0191121528,0.0225285279,0.9550722993
Papworth,481.0,0.5364468967,0.0191121528,0.0225285279,0.956585738
Papworth,492.0,0.5364468967,0.0191121528,0.0230350295,0.9580767807
Papworth,497.0,0.5399101569,0.0191121528,0.0230350295,0.9595628738
Papworth,501.0,0.5433712927,0.0191121528,0.0230350295,0.9610122823
Papworth,502.0,0.5502595549,0.0191121528,0.0230350295,0.9638208385
Papworth,514.0,0.5502595549,0.0191121528,0.0240495843,0.9665924353
Papworth,525.0,0.5537620128,0.0191121528,0.0240495843,0.9679884177
Papworth,530.0,0.5572510162,0.0191121528,0.0240495843,0.9693491826
Papworth,541.0,0.5607215621,0.0191121528,0.0240495843,0.9706673064
Papworth,543.0,0.5642033642,0.0191121528,0.0240495843,0.9719550063
Papworth,565.0,0.567693015,0.0191121528,0.0240495843,0.9732040333
Papworth,586.0,0.5712363907,0.0191121528,0.0240495843,0.9744406454
Papworth,595.0,0.5747840892,0.0191121528,0.0240495843,0.9756425762
Papworth,598.0,0.5783225729,0.0191121528,0.0245614867,0.9779481479
Papworth,607.0,0.5818608404,0.0191121528,0.0245614867,0.9790854382
Papworth,609.0,0.5818608404,0.0202662638,0.0245614867,0.9801853324
Papworth,616.0,0.5853879741,0.0202662638,0.0245614867,0.9812826222
Papworth,620.0,0.5889396944,0.0202662638,0.0245614867,0.982368844
Papworth,623.0,0.5925109025,0.0202662638,0.0245614867,0.9834229671
Papworth,626.0,0.5996313054,0.0202662638,0.0245614867,0.9854167658
Papworth,645.0,0.6032164818,0.0202662638,0.0245614867,0.9863887745
Papworth,647.0,0.6032164818,0.0214201427,0.0245614867,0.9873203532
Papworth,654.0,0.6067904815,0.0214201427,0.0245614867,0.9882211988
Papworth,664.0,0.6103714311,0.0214201427,0.0245614867,0.989091272
Papworth,688.0,0.6139423095,0.0214201427,0.0245614867,0.9899136067
Papworth,689.0,0.6174995302,0.0225745721,0.0245614867,0.991424382
Papworth,692.0,0.6210742861,0.0225745721,0.0245614867,0.9921518601
Papworth,721.0,0.6210742861,0.0225745721,0.0250742094,0.992845852
Papworth,725.0,0.6210742861,0.0225745721,0.0261006695,0.9941450088
Papworth,747.0,0.6210742861,0.0237333521,0.0261006695,0.9947495773
Papworth,796.0,0.6246484089,0.0237333521,0.0261006695,0.9953134536
Papworth,827.0,0.6282845281,0.0237333521,0.0261006695,0.9958631405
Papworth,832.0,0.6319296596,0.0237333521,0.0261006695,0.996380289
Papworth,840.0,0.6319296596,0.0237333521,0.0266323644,0.9968531127
Papworth,855.0,0.6355622655,0.0237333521,0.0266323644,0.997282362
Papworth,899.0,0.6355622655,0.0248977857,0.0266323644,0.9976797801
Papworth,979.0,0.6391998618,0.0248977857,0.0266323644,0.9980645948
Papworth,1001.0,0.6428301644,0.0248977857,0.0266323644,0.9984284371
Papworth,1033.0,0.6428301644,0.0248977857,0.0271664179,0.99876192
Papworth,1048.0,0.6464910523,0.0248977857,0.0271664179,0.9990552628
Papworth,1095.0,0.6464910523,0.0248977857,0.0271664179,0.9990552628
Harefield,0.0,0.0,0.0,0.0,0.0
Harefield,0.0,0.0010123675,0.0,0.0,0.0030604689
Harefield,1.0,0.0030467044,0.0,0.0,0.0091708514
Harefield,2.0,0.0050881517,0.0,0.0,0.0152769725
Harefield,4.0,0.0061149453,0.0,0.0,0.0183344047
Harefield,6.0,0.0081741491,0.0,0.0012203021,0.0274846594
Harefield,7.0,0.011272395,0.0,0.0012203021,0.0366124958
Harefield,9.0,0.0133401602,0.0,0.0012203021,0.0426759063
Harefield,10.0,0.0154248677,0.0,0.0024422209,0.051769842
Harefield,11.0,0.01647523,0.0,0.0024422209,0.0548088011
Harefield,12.0,0.0196351687,0.0,0.0024422209,0.0639015465
Harefield,13.0,0.0206975625,0.0,0.0024422209,0.0669442807
Harefield,15.0,0.0217631827,0.0,0.0024422209,0.0699836103
Harefield,16.0,0.0270997988,0.0,0.0024422209,0.0850786417
Harefield,17.0,0.0303340211,0.0,0.0024422209,0.0941148292
Harefield,18.0,0.0303340211,0.0,0.0036727062,0.0971266347
Harefield,19.0,0.0325029077,0.0,0.0049019663,0.1061322767
Harefield,20.0,0.0346746398,0.0,0.0049019663,0.1121266058
Harefield,21.0,0.0368489704,0.0,0.0061379282,0.1210665785
Harefield,22.0,0.0390226131,0.0,0.0073766066,0.1299502755
Harefield,23.0,0.0401145665,0.0,0.0086190496,0.1358635585
Harefield,24.0,0.0412071255,0.0,0.0086190496,0.1388154663
Harefield,26.0,0.0412071255,0.0,0.0098621704,0.1417681537
Harefield,28.0,0.0434016499,0.0,0.0098621704,0.1476544784
Harefield,30.0,0.0444996279,0.0,0.0098621704,0.1505923225
Harefield,31.0,0.0444996279,0.0,0.0111046669,0.1535313644
Harefield,32.0,0.0455997701,0.0,0.0111046669,0.1564662542
Harefield,33.0,0.0467011701,0.0,0.0111046669,0.1593969047
Harefield,35.0,0.0500172137,0.0,0.0111046669,0.168159827
Harefield,36.0,0.0522356461,0.0,0.0111046669,0.1739954244
Harefield,38.0,0.0533535013,0.0,0.0123497291,0.1798288209
Harefield,40.0,0.0544777071,0.0,0.0123497291,0.1827466635
Harefield,41.0,0.0578590562,0.0,0.0123497291,0.1914750763
Harefield,43.0,0.0589976317,0.0,0.0136013365,0.1972909874
Harefield,45.0,0.0601414581,0.0,0.0136013365,0.2002026855
Harefield,46.0,0.0624286536,0.0,0.0148543243,0.2089045324
Harefield,47.0,0.0658642073,0.0,0.0148543243,0.2175703783
Harefield,48.0,0.0716050486,0.0,0.0148543243,0.2318946462
Harefield,50.0,0.0727704437,0.0,0.0148543243,0.2347683334
Harefield,51.0,0.0739368921,0.0,0.0148543243,0.2376360089
Harefield,52.0,0.0751057886,0.0,0.0148543243,0.2404997681
Harefield,53.0,0.0774459483,0.0,0.0161094649,0.2490483856
Harefield,54.0,0.0786203772,0.0,0.0161094649,0.2518974093
Harefield,55.0,0.0786203772,0.0,0.0186261854,0.2575854746
Harefield,58.0,0.0798011822,0.0,0.0186261854,0.2604192641
Harefield,59.0,0.0809852897,0.0,0.0186261854,0.2632528043
Harefield,60.0,0.0821703704,0.0,0.0186261854,0.2660850726
Harefield,61.0,0.0833568616,0.0,0.0186261854,0.2689161296
Harefield,63.0,0.0845457244,0.0,0.0186261854,0.2717451121
Harefield,65.0,0.0857377194,0.0,0.0198922098,0.2773848628
Harefield,66.0,0.0881263731,0.0,0.0198922098,0.2830153108
Harefield,67.0,0.0905246278,0.0,0.0198922098,0.288630844
Harefield,68.0,0.0917272679,0.0,0.0198922098,0.2914315454
Harefield,69.0,0.092930951,0.0,0.0198922098,0.2942277124
Harefield,70.0,0.0941362228,0.0,0.0224219174,0.3025721668
Harefield,72.0,0.0953419452,0.0,0.0224219174,0.3053460468
Harefield,73.0,0.0989620414,0.0,0.0236931792,0.3163618213
Harefield,75.0,0.1026076936,0.0,0.0236931792,0.3246072146
Harefield,76.0,0.1026076936,0.0,0.0262656043,0.3301061083
Harefield,77.0,0.1050615422,0.0,0.0262656043,0.3355725566
Harefield,78.0,0.1062895496,0.0,0.0262656043,0.3382982779
Harefield,79.0,0.1087462688,0.0,0.0262656043,0.3437234005
Harefield,81.0,0.1099808059,0.0,0.0262656043,0.3464345759
Harefield,82.0,0.112450385,0.0,0.0262656043,0.3518338447
Harefield,84.0,0.1136922534,0.0,0.0262656043,0.3545319657
Harefield,85.0,0.1136922534,0.0,0.027561264,0.3572278388
Harefield,87.0,0.1174228669,0.0,0.027561264,0.3652707699
Harefield,90.0,0.1186731422,0.0,0.0288562445,0.370612662
Harefield,91.0,0.1199241081,0.0,0.0288562445,0.3732769411
Harefield,93.0,0.1249216762,0.0,0.0288562445,0.3838373205
Harefield,95.0,0.1287118742,0.0,0.0288562445,0.391738829
Harefield,97.0,0.1299904161,0.0,0.030154981,0.3970063041
Harefield,98.0,0.1312711002,0.0034062878,0.030154981,0.4022462301
Harefield,99.0,0.1325537876,0.0034062878,0.030154981,0.4048644786
Harefield,100.0,0.1338383401,0.0034062878,0.030154981,0.4074779106
Harefield,101.0,0.1338383401,0.0034062878,0.0314575078,0.4100834866
Harefield,103.0,0.1364031461,0.0034062878,0.0327670354,0.417856344
Harefield,104.0,0.1389809848,0.0034062878,0.0327670354,0.4230291892
Harefield,106.0,0.1415628687,0.0034062878,0.0327670354,0.4281851852
Harefield,107.0,0.1428578556,0.0034062878,0.0327670354,0.4307582732
Harefield,108.0,0.1428578556,0.0034062878,0.0340807097,0.4333292933
Harefield,109.0,0.1441559433,0.0034062878,0.0353942984,0.4384479603
Harefield,110.0,0.146759565,0.0034062878,0.0353942984,0.4435566782
Harefield,112.0,0.1480622092,0.0034062878,0.0353942984,0.4461053587
Harefield,114.0,0.1493656351,0.0034062878,0.0353942984,0.4486491321
Harefield,115.0,0.1506699692,0.0034062878,0.0353942984,0.4511884045
Harefield,116.0,0.1519761268,0.0034062878,0.0367132449,0.4562445961
Harefield,117.0,0.1571997755,0.0034062878,0.0367132449,0.4662732978
Harefield,119.0,0.1571997755,0.0034062878,0.0380325157,0.468791498
Harefield,120.0,0.1571997755,0.0034062878,0.0393524503,0.4713041229
Harefield,121.0,0.1598546229,0.0034062878,0.0406721295,0.4787908959
Harefield,123.0,0.1611921009,0.0034062878,0.0419936054,0.4837703211
Harefield,125.0,0.1625325445,0.0034062878,0.0419936054,0.4862584514
Harefield,127.0,0.1638743849,0.0034062878,0.0419936054,0.4887415194
Harefield,129.0,0.1665598729,0.0034062878,0.0419936054,0.4936824031
Harefield,131.0,0.16926641,0.0034062878,0.0419936054,0.4986126239
Harefield,133.0,0.1706246849,0.0034062878,0.0419936054,0.50107508
Harefield,134.0,0.1719874693,0.0034062878,0.0419936054,0.5035327209
Harefield,137.0,0.1733560311,0.0034062878,0.0433305351,0.5084353701
Harefield,140.0,0.1733560311,0.0034062878,0.044677487,0.5108867634
Harefield,141.0,0.1747311841,0.0034062878,0.044677487,0.5133301795
Harefield,142.0,0.1747311841,0.0034062878,0.046025532,0.5157681918
Harefield,143.0,0.176108717,0.0034062878,0.0473829456,0.5206152643
Harefield,144.0,0.1774875147,0.0034062878,0.0473829456,0.5230305243
Harefield,146.0,0.1774875147,0.0034062878,0.0487470075,0.5254407133
Harefield,147.0,0.178869602,0.0034062878,0.0487470075,0.527855438
Harefield,148.0,0.1830185551,0.0034062878,0.0501100579,0.5374245623
Harefield,149.0,0.1857975704,0.0034062878,0.0501100579,0.5421804774
Harefield,150.0,0.1899953759,0.0068103564,0.0501100579,0.5516375213
Harefield,151.0,0.1914028677,0.0068103564,0.0501100579,0.5540068281
Harefield,152.0,0.1914028677,0.0068103564,0.0514813822,0.5563738981
Harefield,153.0,0.1914028677,0.0068103564,0.0528541195,0.5587351716
Harefield,155.0,0.1928140565,0.0068103564,0.0528541195,0.5610915318
Harefield,156.0,0.1928140565,0.0068103564,0.0542267849,0.5634462036
Harefield,158.0,0.1942298371,0.0068103564,0.0556000983,0.5681259794
Harefield,160.0,0.1942298371,0.0068103564,0.0569771312,0.5704655894
Harefield,161.0,0.1942298371,0.0068103564,0.0583564044,0.5727973184
Harefield,162.0,0.1956460314,0.0068103564,0.0583564044,0.5751204574
Harefield,163.0,0.1984766287,0.0068103564,0.0597455205,0.5820220897
Harefield,164.0,0.1998961015,0.0068103564,0.0597455205,0.5843292619
Harefield,165.0,0.1998961015,0.0068103564,0.0611332691,0.5866310679
Harefield,166.0,0.2013175631,0.0068103564,0.0639174911,0.5934939903
Harefield,167.0,0.2027382644,0.0068103564,0.0639174911,0.5957749757
Harefield,171.0,0.2027382644,0.0068103564,0.065309463,0.5980468592
Harefield,172.0,0.2041570903,0.0068103564,0.065309463,0.600314957
Harefield,174.0,0.2055782696,0.0068103564,0.065309463,0.6025798099
Harefield,175.0,0.2055782696,0.0068103564,0.0667103103,0.6048391146
Harefield,176.0,0.2070012073,0.0102097855,0.0709103726,0.6159849915
Harefield,177.0,0.2070012073,0.0102097855,0.072327512,0.618207529
Harefield,179.0,0.2084239445,0.0136086636,0.072327512,0.6226242659
Harefield,180.0,0.2098527137,0.0136086636,0.072327512,0.6248380904
Harefield,181.0,0.2112822297,0.0136086636,0.072327512,0.6270493257
Harefield,182.0,0.2127135068,0.0136086636,0.0737435946,0.6314468769
Harefield,183.0,0.2141430438,0.0136086636,0.0737435946,0.6336361746
Harefield,184.0,0.2155723428,0.0136086636,0.0751615985,0.6379851336
Harefield,186.0,0.2198543996,0.0136086636,0.0765845006,0.646581087
Harefield,187.0,0.2198543996,0.0136086636,0.0780093746,0.6487278936
Harefield,188.0,0.2227282657,0.0136086636,0.0780093746,0.652994876
Harefield,190.0,0.2241738903,0.0136086636,0.0780093746,0.6551302162
Harefield,193.0,0.2256238359,0.0136086636,0.0780093746,0.6572611885
Harefield,194.0,0.2270804137,0.0136086636,0.0780093746,0.659388751
Harefield,195.0,0.2299930349,0.0136086636,0.0780093746,0.6636199135
Harefield,196.0,0.2329255927,0.0170031218,0.0780093746,0.6699207574
Harefield,197.0,0.2343959802,0.0170031218,0.0780093746,0.6720136472
Harefield,198.0,0.2358711253,0.0170031218,0.0780093746,0.6741035411
Harefield,199.0,0.2373504284,0.0170031218,0.0780093746,0.6761905418
Harefield,203.0,0.2373504284,0.0203935728,0.0780093746,0.6782697014
Harefield,205.0,0.2388313623,0.0203935728,0.0780093746,0.6803401845
Harefield,207.0,0.2403146337,0.0203935728,0.0780093746,0.682404911
Harefield,210.0,0.2403146337,0.0271666141,0.0780093746,0.6865212539
Harefield,214.0,0.2418063526,0.0271666141,0.0780093746,0.6885806458
Harefield,217.0,0.246277048,0.0271666141,0.0780093746,0.6946984954
Harefield,225.0,0.246277048,0.0271666141,0.0794374335,0.6967348611
Harefield,226.0,0.246277048,0.0271666141,0.0808739741,0.6987718758
Harefield,230.0,0.2477783601,0.0271666141,0.0808739741,0.7007987947
Harefield,232.0,0.2492807124,0.0271666141,0.0808739741,0.7028192563
Harefield,233.0,0.2507869303,0.0271666141,0.0808739741,0.704834665
Harefield,234.0,0.252292102,0.0271666141,0.082318331,0.708839421
Harefield,238.0,0.2537990328,0.0271666141,0.082318331,0.7108313422
Harefield,248.0,0.2553073267,0.0271666141,0.082318331,0.7128149465
Harefield,251.0,0.2553073267,0.0271666141,0.0837688532,0.7147933416
Harefield,253.0,0.256816721,0.0271666141,0.0837688532,0.7167625745
Harefield,254.0,0.2583274432,0.0271666141,0.0837688532,0.7187235257
Harefield,256.0,0.2583274432,0.0271666141,0.0852230054,0.720681659
Harefield,258.0,0.2583274432,0.0271666141,0.0866800368,0.7226295101
Harefield,260.0,0.2598400708,0.0271666141,0.0866800368,0.7245712449
Harefield,261.0,0.2613532683,0.0271666141,0.0866800368,0.7265051138
Harefield,262.0,0.262869871,0.0271666141,0.0866800368,0.7284307052
Harefield,263.0,0.262869871,0.0271666141,0.0881362807,0.7303488106
Harefield,264.0,0.2643883228,0.0271666141,0.0881362807,0.7322639301
Harefield,265.0,0.2674259466,0.0271666141,0.0881362807,0.7360655225
Harefield,267.0,0.2704741805,0.0271666141,0.0895922224,0.7417189315
Harefield,270.0,0.2720088803,0.0305467019,0.0895922224,0.7454708242
Harefield,271.0,0.2750812932,0.0305467019,0.0895922224,0.7491892247
Harefield,272.0,0.2766192005,0.0305467019,0.0910535288,0.7528704005
Harefield,274.0,0.2781596786,0.0305467019,0.0910535288,0.7547029721
Harefield,275.0,0.2797070878,0.0305467019,0.0910535288,0.756531804
Harefield,277.0,0.2797070878,0.0305467019,0.0925154044,0.7583554121
Harefield,281.0,0.2797070878,0.0305467019,0.0939781764,0.7601719023
Harefield,284.0,0.2812535288,0.0305467019,0.0939781764,0.7619837701
Harefield,286.0,0.2828025131,0.0339193268,0.0939781764,0.7655790065
Harefield,287.0,0.2843556357,0.0339193268,0.0939781764,0.7673800065
Harefield,290.0,0.2859110919,0.0339193268,0.0939781764,0.7691725437
Harefield,294.0,0.2890272731,0.0339193268,0.0939781764,0.7727312033
Harefield,297.0,0.2905873136,0.0339193268,0.0939781764,0.7745013345
Harefield,298.0,0.2905873136,0.0339193268,0.0954401591,0.7762644886
Harefield,299.0,0.2921487621,0.0339193268,0.0954401591,0.7780222467
Harefield,300.0,0.2921487621,0.0339193268,0.096903593,0.77977065
Harefield,301.0,0.2937100446,0.0339193268,0.0983736555,0.7832384013
Harefield,303.0,0.2952734906,0.0339193268,0.0983736555,0.7849660314
Harefield,305.0,0.2968375449,0.0339193268,0.0983736555,0.7866855347
Harefield,309.0,0.2984047714,0.0339193268,0.0983736555,0.7884101013
Harefield,311.0,0.2999753445,0.0339193268,0.0983736555,0.790126882
Harefield,312.0,0.3015506389,0.0339193268,0.0983736555,0.7918394487
Harefield,313.0,0.3015506389,0.0339193268,0.1013115659,0.7952458457
Harefield,318.0,0.3031321193,0.0339193268,0.1027887491,0.7986167662
Harefield,319.0,0.304713589,0.0339193268,0.1027887491,0.8002929069
Harefield,320.0,0.306295594,0.0339193268,0.1027887491,0.8019597658
Harefield,321.0,0.3078828603,0.0339193268,0.1027887491,0.8036226837
Harefield,322.0,0.3078828603,0.0339193268,0.1042678331,0.8052793497
Harefield,324.0,0.3094752997,0.0339193268,0.1042678331,0.8069312499
Harefield,329.0,0.3126688657,0.0339193268,0.1042678331,0.8102055329
Harefield,330.0,0.3142761397,0.0339193268,0.1042678331,0.8118358535
Harefield,337.0,0.3142761397,0.0339193268,0.1057449909,0.8134571454
Harefield,341.0,0.3158833495,0.0339193268,0.1057449909,0.8150731296
Harefield,342.0,0.3158833495,0.0339193268,0.1072337789,0.8166933395
Harefield,345.0,0.3158833495,0.0339193268,0.108723362,0.8183089682
Harefield,347.0,0.3175039172,0.0339193268,0.108723362,0.8199183784
Harefield,348.0,0.3191273035,0.0339193268,0.1117141735,0.8246755371
Harefield,354.0,0.3207565785,0.0339193268,0.1132148827,0.8278171833
Harefield,357.0,0.3223855819,0.0339193268,0.1132148827,0.8293789963
Harefield,358.0,0.3223855819,0.0372858645,0.1147146471,0.8324848374
Harefield,360.0,0.3223855819,0.0372858645,0.116218884,0.834033694
Harefield,364.0,0.3223855819,0.0372858645,0.1177222521,0.8355804853
Harefield,365.0,0.3240259093,0.0372858645,0.1177222521,0.8371164767
Harefield,367.0,0.3256672356,0.0372858645,0.1177222521,0.838643986
Harefield,369.0,0.3273140825,0.0372858645,0.1177222521,0.8401651585
Harefield,372.0,0.3273140825,0.0372858645,0.1192282202,0.8416827216
Harefield,375.0,0.3289726465,0.0372858645,0.1192282202,0.8431888302
Harefield,376.0,0.3306402766,0.0372858645,0.1192282202,0.8446904852
Harefield,378.0,0.3306402766,0.0406456601,0.1207364254,0.8476661309
Harefield,379.0,0.3306402766,0.0406456601,0.1222471032,0.8491416846
Harefield,382.0,0.3306402766,0.0473631926,0.1222471032,0.8520600415
Harefield,383.0,0.3323104781,0.0473631926,0.1222471032,0.8535088198
Harefield,384.0,0.3339917081,0.0473631926,0.1222471032,0.8549533637
Harefield,385.0,0.3356704813,0.0473631926,0.1222471032,0.8563904483
Harefield,387.0,0.3356704813,0.0473631926,0.1237650626,0.8578229764
Harefield,388.0,0.3373495696,0.0473631926,0.1237650626,0.8592455107
Harefield,389.0,0.3390370853,0.0473631926,0.1237650626,0.8606633748
Harefield,390.0,0.3407272553,0.0473631926,0.1237650626,0.8620734505
Harefield,395.0,0.3424355355,0.0507277008,0.1252905225,0.8662643951
Harefield,400.0,0.3424355355,0.0540809854,0.1252905225,0.8676543376
Harefield,404.0,0.3424355355,0.057431118,0.1252905225,0.869035698
Harefield,407.0,0.3424355355,0.057431118,0.1268142295,0.8704180233
Harefield,408.0,0.3424355355,0.057431118,0.1283426001,0.8717982162
Harefield,409.0,0.3424355355,0.0607761178,0.1283426001,0.8731685835
Harefield,410.0,0.3441440346,0.0607761178,0.1283426001,0.8745301662
Harefield,411.0,0.3441440346,0.0607761178,0.1298741561,0.8758804154
Harefield,413.0,0.3458503945,0.0607761178,0.1298741561,0.8772235929
Harefield,414.0,0.3458503945,0.0607761178,0.1314063922,0.8785663086
Harefield,415.0,0.3458503945,0.0607761178,0.1329368654,0.8799119378
Harefield,416.0,0.3475777089,0.0607761178,0.1329368654,0.8812472266
Harefield,423.0,0.3475777089,0.0607761178,0.1344826335,0.8825738052
Harefield,425.0,0.3475777089,0.0641199786,0.1344826335,0.8838948576
Harefield,429.0,0.3493061618,0.0641199786,0.1344826335,0.8852137863
Harefield,433.0,0.3493061618,0.0641199786,0.136030474,0.8865196765
Harefield,434.0,0.3510337302,0.0641199786,0.136030474,0.8878140881
Harefield,437.0,0.3510337302,0.0641199786,0.1375799511,0.8890968413
Harefield,438.0,0.352762289,0.0641199786,0.1375799511,0.890369839
Harefield,442.0,0.3544897162,0.0641199786,0.1375799511,0.8916379626
Harefield,444.0,0.3562192484,0.0641199786,0.1375799511,0.8928965377
Harefield,450.0,0.3579556369,0.0641199786,0.1375799511,0.8941456513
Harefield,456.0,0.3596920873,0.0641199786,0.1375799511,0.8953870892
Harefield,462.0,0.3596920873,0.0641199786,0.1391438769,0.8966233544
Harefield,466.0,0.3596920873,0.0641199786,0.1407080053,0.8978537049
Harefield,472.0,0.3596920873,0.0674596846,0.1407080053,0.8990742325
Harefield,473.0,0.3596920873,0.0674596846,0.142276217,0.9002854781
Harefield,478.0,0.3631803046,0.0674596846,0.142276217,0.9026760568
Harefield,481.0,0.3631803046,0.0674596846,0.1438460921,0.9038604125
Harefield,485.0,0.3649296386,0.0674596846,0.1438460921,0.9050358436
Harefield,498.0,0.3649296386,0.0674596846,0.145416241,0.9062133447
Harefield,499.0,0.3684345718,0.0674596846,0.1469961412,0.9096751826
Harefield,500.0,0.3684345718,0.070800335,0.1469961412,0.9108202668
Harefield,503.0,0.3701989837,0.070800335,0.1469961412,0.9119599619
Harefield,511.0,0.3701989837,0.0741347003,0.1485762175,0.9142077363
Harefield,512.0,0.3719649969,0.0741347003,0.1485762175,0.9153240047
Harefield,516.0,0.3755000058,0.0741347003,0.1485762175,0.9175338868
Harefield,520.0,0.3755000058,0.0774583738,0.1485762175,0.9186463387
Harefield,524.0,0.377298784,0.0774583738,0.1485762175,0.9197493173
Harefield,528.0,0.3791036531,0.0774583738,0.1485762175,0.920848349
Harefield,531.0,0.3809162888,0.0774583738,0.1485762175,0.9219402811
Harefield,539.0,0.3827290118,0.0774583738,0.1501568686,0.9241004346
Harefield,540.0,0.3845382676,0.0807775712,0.1501568686,0.9262204092
Harefield,543.0,0.3845382676,0.0807775712,0.151753217,0.9272651645
Harefield,544.0,0.3845382676,0.0841024818,0.151753217,0.9283018555
Harefield,545.0,0.3863454253,0.0841024818,0.151753217,0.929329573
Harefield,548.0,0.3881515846,0.0841024818,0.1533527302,0.9313612221
Harefield,551.0,0.3917632126,0.0841024818,0.1533527302,0.9333606688
Harefield,554.0,0.3935710946,0.0841024818,0.1533527302,0.9343486724
Harefield,555.0,0.3953773978,0.0841024818,0.1533527302,0.9353299299
Harefield,556.0,0.3971865796,0.0841024818,0.1533527302,0.9363040172
Harefield,563.0,0.3971865796,0.0841024818,0.1549518349,0.9372686294
Harefield,564.0,0.3971865796,0.0841024818,0.1565580357,0.9382217137
Harefield,566.0,0.4008039549,0.0841024818,0.1565580357,0.9401098028
Harefield,567.0,0.4008039549,0.0874280694,0.1565580357,0.9410495519
Harefield,570.0,0.4008039549,0.0874280694,0.1581702974,0.9419796441
Harefield,571.0,0.4008039549,0.0907468589,0.1581702974,0.9429028716
Harefield,579.0,0.4026263102,0.0907468589,0.1581702974,0.9438172499
Harefield,591.0,0.4026263102,0.0940634545,0.1581702974,0.9447288001
Harefield,592.0,0.4044587075,0.0940634545,0.1597854722,0.9465230623
Harefield,596.0,0.4044587075,0.0940634545,0.1614116788,0.94741486
Harefield,600.0,0.4062970634,0.0940634545,0.1614116788,0.9482977645
Harefield,601.0,0.4062970634,0.0940634545,0.163040835,0.9491757942
Harefield,605.0,0.4062970634,0.0973752478,0.163040835,0.9500449853
Harefield,626.0,0.4062970634,0.1006812902,0.163040835,0.950907401
Harefield,630.0,0.4062970634,0.1006812902,0.164676889,0.9517640003
Harefield,631.0,0.4081440891,0.1006812902,0.164676889,0.9526089175
Harefield,638.0,0.4081440891,0.1039839761,0.164676889,0.9534466804
Harefield,640.0,0.4081440891,0.1072836575,0.164676889,0.9542763093
Harefield,642.0,0.4081440891,0.1072836575,0.1663146989,0.9550964762
Harefield,658.0,0.4081440891,0.1072836575,0.1679526899,0.955911161
Harefield,660.0,0.4081440891,0.1072836575,0.1695956182,0.9567193356
Harefield,662.0,0.4099946434,0.1072836575,0.1712412377,0.9583021687
Harefield,665.0,0.4099946434,0.1105789812,0.1712412377,0.9590808183
Harefield,668.0,0.4118451816,0.1105789812,0.1728853209,0.9606018503
Harefield,674.0,0.4137018386,0.1105789812,0.1728853209,0.9613570085
Harefield,675.0,0.4137018386,0.1105789812,0.1745404556,0.9621043495
Harefield,676.0,0.4155629525,0.1105789812,0.1745404556,0.9628439773
Harefield,691.0,0.4155629525,0.1105789812,0.1761991099,0.9635757173
Harefield,693.0,0.4174235154,0.1105789812,0.1761991099,0.964302953
Harefield,697.0,0.4192842495,0.1105789812,0.1761991099,0.9650209394
Harefield,699.0,0.4192842495,0.1105789812,0.1778568759,0.9657316668
Harefield,702.0,0.4192842495,0.1105789812,0.1795167962,0.9664330108
Harefield,716.0,0.4211485781,0.1105789812,0.1795167962,0.9671253421
Harefield,717.0,0.4230150214,0.1105789812,0.1795167962,0.9678069921
Harefield,735.0,0.424883962,0.1138899347,0.1795167962,0.9691402977
Harefield,739.0,0.4267573514,0.1138899347,0.1795167962,0.9697992935
Harefield,744.0,0.4286278852,0.1138899347,0.1811845112,0.9710860687
Harefield,749.0,0.4286278852,0.1138899347,0.1828635058,0.9717183241
Harefield,751.0,0.4305003534,0.1138899347,0.1828635058,0.9723520695
Harefield,759.0,0.4323701535,0.1138899347,0.1828635058,0.9729743977
Harefield,762.0,0.4342449359,0.1138899347,0.1828635058,0.9735875461
Harefield,772.0,0.4361408162,0.1138899347,0.1828635058,0.9742016672
Harefield,773.0,0.4361408162,0.1172286084,0.1828635058,0.974813842
Harefield,774.0,0.4361408162,0.1172286084,0.1845536985,0.9754163688
Harefield,777.0,0.4361408162,0.1205753334,0.1845536985,0.9760089768
Harefield,797.0,0.4361408162,0.1205753334,0.1862438622,0.9765965811
Harefield,800.0,0.4361408162,0.1239189867,0.1862438622,0.9771731907
Harefield,804.0,0.4380461113,0.1239189867,0.1862438622,0.9777459971
Harefield,806.0,0.4380461113,0.1239189867,0.1879476335,0.9783075772
Harefield,822.0,0.4380461113,0.1239189867,0.1896698445,0.9788604369
Harefield,823.0,0.4399648195,0.1239189867,0.1896698445,0.9794051006
Harefield,840.0,0.4399648195,0.1273304671,0.1896698445,0.9799523838
Harefield,867.0,0.4419518478,0.1273304671,0.1896698445,0.980500868
Harefield,875.0,0.4459766078,0.1273304671,0.1896698445,0.9815788292
Harefield,877.0,0.4459766078,0.1273304671,0.1914936496,0.9821127591
Harefield,879.0,0.4459766078,0.1273304671,0.1933163498,0.9826379646
Harefield,881.0,0.4480349981,0.1273304671,0.1933163498,0.9831577568
Harefield,893.0,0.4501092817,0.1273304671,0.1951782551,0.9841853587
Harefield,895.0,0.4501092817,0.1273304671,0.1970386503,0.9846877531
Harefield,904.0,0.4521819387,0.1273304671,0.1970386503,0.9851805989
Harefield,909.0,0.4521819387,0.1309606717,0.1970386503,0.9856601452
Harefield,912.0,0.4521819387,0.1309606717,0.1989005713,0.9861297937
Harefield,921.0,0.4521819387,0.1309606717,0.2007637224,0.9865920999
Harefield,929.0,0.4521819387,0.1309606717,0.2026524546,0.9870575054
Harefield,937.0,0.4543005088,0.1309606717,0.2026524546,0.9875163731
Harefield,942.0,0.4543005088,0.1309606717,0.2045710019,0.9879640404
Harefield,951.0,0.4585301476,0.1309606717,0.2045710019,0.9888219074
Harefield,956.0,0.460669757,0.1309606717,0.2045710019,0.9892430755
Harefield,967.0,0.460669757,0.1309606717,0.2064886122,0.9896523964
Harefield,1003.0,0.4628391389,0.1309606717,0.2064886122,0.9900568897
Harefield,1007.0,0.4650087615,0.1309606717,0.2064886122,0.9904485486
Harefield,1008.0,0.4650087615,0.1309606717,0.2084595327,0.9908347899
Harefield,1021.0,0.4671845085,0.1309606717,0.2084595327,0.991222636
Harefield,1050.0,0.4671845085,0.1309606717,0.2105026305,0.9916062933
Harefield,1057.0,0.4694242996,0.1309606717,0.2105026305,0.9919793118
Harefield,1063.0,0.4716713878,0.1309606717,0.2105026305,0.9923469217
Harefield,1074.0,0.4761686322,0.1309606717,0.2105026305,0.9930462441
Harefield,1094.0,0.4761686322,0.1309606717,0.2125548561,0.9933836937
Harefield,1095.0,0.4761686322,0.1309606717,0.2125548561,0.9933836937
Birmingham,0.0,0.0,0.0,0.0,0.0
Birmingham,3.0,0.0082351823,0.0,0.0,0.0210791385
Birmingham,4.0,0.0110328814,0.0,0.0,0.0281665429
Birmingham,8.0,0.0138343731,0.0,0.0,0.03525124
Birmingham,9.0,0.0166414318,0.0,0.0,0.0423163642
Birmingham,10.0,0.0194528536,0.0,0.00474809,0.0563500276
Birmingham,11.0,0.0194528536,0.0055823927,0.00474809,0.0634058046
Birmingham,12.0,0.0222875765,0.0055823927,0.00474809,0.0704345215
Birmingham,13.0,0.030784078,0.0055823927,0.00474809,0.09132597
Birmingham,15.0,0.03655164,0.0055823927,0.00474809,0.1052002202
Birmingham,17.0,0.0394710587,0.0055823927,0.00474809,0.112189644
Birmingham,18.0,0.0424197185,0.0055823927,0.00474809,0.1191801027
Birmingham,22.0,0.0453816568,0.0055823927,0.00474809,0.1261664827
Birmingham,24.0,0.0453816568,0.0055823927,0.0095439465,0.1331449666
Birmingham,25.0,0.0483491783,0.0055823927,0.0095439465,0.140125868
Birmingham,27.0,0.0513356898,0.0055823927,0.0095439465,0.1470941929
Birmingham,29.0,0.0543357702,0.0055823927,0.0095439465,0.1540382259
Birmingham,30.0,0.0573377142,0.0055823927,0.0144297108,0.1678592876
Birmingham,33.0,0.0633335893,0.0055823927,0.0144297108,0.1816217956
Birmingham,34.0,0.0663424559,0.0055823927,0.0144297108,0.1885135951
Birmingham,35.0,0.0693637189,0.0055823927,0.0144297108,0.1953882421
Birmingham,37.0,0.0723966609,0.0055823927,0.0144297108,0.2022849885
Birmingham,38.0,0.0754472354,0.0055823927,0.0144297108,0.209181478
Birmingham,40.0,0.0754472354,0.0055823927,0.0192990562,0.2160469054
Birmingham,42.0,0.0815374234,0.0055823927,0.0192990562,0.2296582164
Birmingham,43.0,0.0815374234,0.0055823927,0.0241477929,0.2364467892
Birmingham,47.0,0.0846006067,0.0055823927,0.0241477929,0.2432500449
Birmingham,48.0,0.0846006067,0.0055823927,0.0338462272,0.2568167101
Birmingham,50.0,0.0846006067,0.0055823927,0.038728027,0.2636186202
Birmingham,51.0,0.0876731826,0.0055823927,0.038728027,0.270388168
Birmingham,52.0,0.0907624242,0.0055823927,0.038728027,0.2771466359
Birmingham,53.0,0.0969784204,0.0055823927,0.038728027,0.290584442
Birmingham,54.0,0.1001171324,0.0055823927,0.038728027,0.2972910722
Birmingham,55.0,0.1032574612,0.0055823927,0.0437070155,0.3106193283
Birmingham,56.0,0.1032574612,0.0111618086,0.0437070155,0.3173057802
Birmingham,57.0,0.1064216229,0.0111618086,0.0437070155,0.3239744649
Birmingham,58.0,0.1064216229,0.0111618086,0.0486873477,0.3306062239
Birmingham,59.0,0.1095880143,0.0111618086,0.0536572589,0.3437715682
Birmingham,60.0,0.1095880143,0.0111618086,0.0636633234,0.3567921412
Birmingham,63.0,0.1127772511,0.0111618086,0.0636633234,0.3633585208
Birmingham,64.0,0.1127772511,0.0111618086,0.0687314639,0.3698983938
Birmingham,65.0,0.1191572273,0.0111618086,0.0687314639,0.3829477464
Birmingham,68.0,0.1223649862,0.0111618086,0.0687314639,0.3894797367
Birmingham,71.0,0.1255924808,0.0111618086,0.0687314639,0.3960240086
Birmingham,77.0,0.1288432087,0.0111618086,0.0687314639,0.4025546091
Birmingham,78.0,0.1288432087,0.0111618086,0.0738502086,0.4091039525
Birmingham,80.0,0.1354643718,0.0111618086,0.0738502086,0.4221132653
Birmingham,83.0,0.1387852972,0.0111618086,0.0738502086,0.4286068278
Birmingham,95.0,0.1421165101,0.0111618086,0.0738502086,0.43508652
Birmingham,97.0,0.1421165101,0.0111618086,0.084056709,0.4479003938
Birmingham,102.0,0.1454605439,0.0111618086,0.084056709,0.4543636267
Birmingham,103.0,0.1488297612,0.0111618086,0.084056709,0.4608199409
Birmingham,108.0,0.1522031192,0.0111618086,0.084056709,0.4672663934
Birmingham,109.0,0.1555791321,0.0111618086,0.084056709,0.4736778836
Birmingham,111.0,0.1589644488,0.0111618086,0.0944393391,0.4925773054
Birmingham,113.0,0.1623938568,0.0111618086,0.0944393391,0.4989206249
Birmingham,114.0,0.1658340457,0.0111618086,0.0944393391,0.5052515378
Birmingham,118.0,0.1658340457,0.0111618086,0.0996810274,0.5115241766
Birmingham,123.0,0.169266784,0.0111618086,0.0996810274,0.5177755199
Birmingham,126.0,0.1726944353,0.0111618086,0.0996810274,0.5239859672
Birmingham,128.0,0.1726944353,0.0167268855,0.0996810274,0.5301574836
Birmingham,131.0,0.1726944353,0.0167268855,0.1049153394,0.5363066836
Birmingham,132.0,0.176127189,0.0167268855,0.1049153394,0.5424300425
Birmingham,133.0,0.1830369902,0.0167268855,0.1049153394,0.5546167006
Birmingham,139.0,0.1865533167,0.0167268855,0.1049153394,0.5607235092
Birmingham,147.0,0.1936147955,0.0167268855,0.1049153394,0.5728119184
Birmingham,148.0,0.1971835318,0.0167268855,0.1049153394,0.5788799521
Birmingham,150.0,0.2007644885,0.0167268855,0.1049153394,0.5849554922
Birmingham,156.0,0.2007644885,0.0167268855,0.1101642025,0.591031578
Birmingham,157.0,0.2007644885,0.0222937676,0.1101642025,0.5970488809
Birmingham,159.0,0.2043968204,0.0222937676,0.1101642025,0.6030275813
Birmingham,161.0,0.2080251763,0.0222937676,0.1101642025,0.6089493873
Birmingham,162.0,0.2116564978,0.0222937676,0.1101642025,0.6148456502
Birmingham,163.0,0.2153734344,0.0222937676,0.1101642025,0.6207707428
Birmingham,167.0,0.2191050588,0.0222937676,0.1101642025,0.6266496937
Birmingham,177.0,0.2191050588,0.0222937676,0.1154073289,0.6325129819
Birmingham,178.0,0.2191050588,0.0222937676,0.1207104302,0.638342013
Birmingham,183.0,0.2228599462,0.0222937676,0.1207104302,0.6441308052
Birmingham,189.0,0.2266178977,0.0222937676,0.1207104302,0.6498724942
Birmingham,192.0,0.2341303474,0.0222937676,0.1207104302,0.6611868254
Birmingham,196.0,0.2380272269,0.0222937676,0.1207104302,0.6669032052
Birmingham,199.0,0.2419241733,0.0222937676,0.1207104302,0.6726099273
Birmingham,213.0,0.2459048868,0.0222937676,0.1207104302,0.678326124
Birmingham,217.0,0.2459048868,0.0222937676,0.1260340654,0.6840037689
Birmingham,218.0,0.2498911821,0.0222937676,0.1260340654,0.689623448
Birmingham,220.0,0.2538896963,0.0222937676,0.1260340654,0.6952239596
Birmingham,221.0,0.2578836061,0.0222937676,0.1260340654,0.7007832239
Birmingham,224.0,0.2578836061,0.0222937676,0.1314401714,0.7063218056
Birmingham,225.0,0.2618886294,0.0222937676,0.1314401714,0.7118061149
Birmingham,231.0,0.26591439,0.0222937676,0.1368850806,0.7226097988
Birmingham,235.0,0.26591439,0.0222937676,0.1423331183,0.7280156618
Birmingham,243.0,0.2700129773,0.0222937676,0.1423331183,0.7333885041
Birmingham,248.0,0.2700129773,0.0222937676,0.1477953333,0.7387408686
Birmingham,262.0,0.2700129773,0.0222937676,0.1532689875,0.7440774879
Birmingham,269.0,0.2741199559,0.0222937676,0.1532689875,0.7493779468
Birmingham,273.0,0.2741199559,0.0222937676,0.1587412049,0.7546472044
Birmingham,275.0,0.2782331559,0.0222937676,0.1587412049,0.7598915565
Birmingham,279.0,0.2823947205,0.0222937676,0.1641975367,0.7702197773
Birmingham,280.0,0.2865599799,0.0222937676,0.1641975367,0.7753771089
Birmingham,281.0,0.2907553382,0.0222937676,0.1641975367,0.7804907804
Birmingham,282.0,0.2949877978,0.0222937676,0.1641975367,0.7855840258
Birmingham,289.0,0.2992611802,0.0222937676,0.1641975367,0.7906613427
Birmingham,292.0,0.2992611802,0.0222937676,0.1696539225,0.7956841889
Birmingham,304.0,0.2992611802,0.0278769151,0.1696539225,0.8007051193
Birmingham,307.0,0.3035360944,0.0278769151,0.1696539225,0.805683493
Birmingham,309.0,0.3078367457,0.0278769151,0.1696539225,0.8106241095
Birmingham,315.0,0.3078367457,0.0278769151,0.1752022712,0.8155441597
Birmingham,317.0,0.3121681533,0.0278769151,0.1752022712,0.8204442008
Birmingham,318.0,0.3165187747,0.0278769151,0.1752022712,0.8253060818
Birmingham,323.0,0.3165187747,0.0334736588,0.1752022712,0.8301613901
Birmingham,329.0,0.3165187747,0.0334736588,0.180728587,0.8349914983
Birmingham,332.0,0.3208811642,0.0334736588,0.180728587,0.8397841711
Birmingham,353.0,0.3252756696,0.0334736588,0.180728587,0.8445267423
Birmingham,359.0,0.3297885094,0.0334736588,0.180728587,0.8492840646
Birmingham,370.0,0.3342958586,0.0334736588,0.180728587,0.8539671437
Birmingham,371.0,0.3388111804,0.0334736588,0.180728587,0.8585832726
Birmingham,392.0,0.3433998156,0.0334736588,0.180728587,0.8632581688
Birmingham,397.0,0.3433998156,0.0334736588,0.1863784719,0.8678523506
Birmingham,405.0,0.3480149233,0.0334736588,0.1863784719,0.8723747762
Birmingham,414.0,0.3480149233,0.0390874557,0.1863784719,0.876813992
Birmingham,419.0,0.3480149233,0.0390874557,0.1920060603,0.8811770767
Birmingham,426.0,0.3526549739,0.0390874557,0.1920060603,0.8854377859
Birmingham,427.0,0.3526549739,0.0447134268,0.1920060603,0.8896044127
Birmingham,428.0,0.3526549739,0.0447134268,0.1976412774,0.8937068763
Birmingham,438.0,0.3573227817,0.0447134268,0.1976412774,0.8977323835
Birmingham,450.0,0.3573227817,0.0447134268,0.2032607393,0.9017914736
Birmingham,460.0,0.3620922889,0.0447134268,0.2032607393,0.9057304145
Birmingham,463.0,0.3620922889,0.0447134268,0.2088751667,0.9096336111
Birmingham,499.0,0.366936733,0.0447134268,0.2088751667,0.9134970441
Birmingham,501.0,0.3718105035,0.0447134268,0.2088751667,0.9172854084
Birmingham,504.0,0.3718105035,0.0447134268,0.2144639075,0.9210299909
Birmingham,509.0,0.3767169207,0.0447134268,0.2144639075,0.9247216727
Birmingham,511.0,0.3816664365,0.0447134268,0.2144639075,0.9284021952
Birmingham,514.0,0.3866140704,0.0447134268,0.2144639075,0.9320624611
Birmingham,518.0,0.3866140704,0.0503307715,0.2144639075,0.935729865
Birmingham,526.0,0.3916360501,0.0503307715,0.2144639075,0.9393419549
Birmingham,531.0,0.3916360501,0.0503307715,0.2200833617,0.9428432075
Birmingham,556.0,0.3916360501,0.0559764173,0.2200833617,0.9462178015
Birmingham,558.0,0.3916360501,0.0559764173,0.2257035581,0.9495467526
Birmingham,575.0,0.3916360501,0.0559764173,0.2313938408,0.9527652031
Birmingham,598.0,0.3916360501,0.0616293239,0.2313938408,0.9559668037
Birmingham,603.0,0.3966733797,0.0616293239,0.2313938408,0.959042922
Birmingham,616.0,0.3966733797,0.0616293239,0.2370714964,0.9619578281
Birmingham,630.0,0.4017010933,0.0616293239,0.2370714964,0.9647376215
Birmingham,647.0,0.4017010933,0.0673518462,0.2370714964,0.9675414431
Birmingham,668.0,0.4017010933,0.0730922556,0.2370714964,0.9702085684
Birmingham,670.0,0.4067717061,0.0730922556,0.2427159933,0.975186159
Birmingham,680.0,0.4067717061,0.0730922556,0.2483440872,0.9778170848
Birmingham,758.0,0.412054199,0.0730922556,0.2483440872,0.9803367272
Birmingham,762.0,0.412054199,0.0730922556,0.2539824561,0.9826790206
Birmingham,779.0,0.412054199,0.0730922556,0.2596729104,0.9851039481
Birmingham,790.0,0.412054199,0.0730922556,0.2654782221,0.9873461067
Birmingham,833.0,0.4178749868,0.0730922556,0.2654782221,0.9897699982
Birmingham,860.0,0.4237030434,0.0730922556,0.2654782221,0.9919043557
Birmingham,972.0,0.4237030434,0.0730922556,0.2718929387,0.993760397
Birmingham,981.0,0.4237030434,0.0794525435,0.2718929387,0.995372424
Birmingham,1005.0,0.4237030434,0.0857967939,0.2718929387,0.9967945858
Birmingham,1061.0,0.429554847,0.0857967939,0.2718929387,0.9979711287
Birmingham,1095.0,0.429554847,0.0857967939,0.2718929387,0.9979711287
Manchester,0.0,0.0,0.0,0.0,0.0
Manchester,1.0,0.0027843898,0.0,0.0,0.006344255
Manchester,2.0,0.0027843898,0.0,0.00183676,0.0095312931
Manchester,3.0,0.0041858135,0.0,0.0036783955,0.0158929646
Manchester,5.0,0.0041858135,0.0039004256,0.0036783955,0.0190783862
Manchester,6.0,0.0055889008,0.0039004256,0.0036783955,0.0222622593
Manchester,7.0,0.0069959163,0.0039004256,0.0036783955,0.0254439535
Manchester,8.0,0.0084111298,0.0039004256,0.0036783955,0.0286271564
Manchester,9.0,0.0112551126,0.0039004256,0.0055288159,0.0381655803
Manchester,10.0,0.0126838242,0.0039004256,0.0074146562,0.0445326476
Manchester,11.0,0.0141164868,0.0078047961,0.0074146562,0.0509511104
Manchester,12.0,0.0141164868,0.0078047961,0.0093046058,0.0541616864
Manchester,14.0,0.0141164868,0.0078047961,0.0111955497,0.0573643081
Manchester,17.0,0.0141164868,0.0078047961,0.0130888392,0.0605685437
Manchester,21.0,0.0155503596,0.0078047961,0.0130888392,0.0637677835
Manchester,24.0,0.0169872992,0.0078047961,0.0130888392,0.0669619129
Manchester,25.0,0.0198588491,0.0078047961,0.0130888392,0.0733253041
Manchester,28.0,0.0213057841,0.0078047961,0.0149843605,0.0796900596
Manchester,29.0,0.0227621168,0.0078047961,0.0187815709,0.0892450376
Manchester,30.0,0.0242210179,0.0078047961,0.0187815709,0.0924422231
Manchester,31.0,0.0242210179,0.0078047961,0.0206969989,0.0956402139
Manchester,32.0,0.0256900319,0.0078047961,0.0206969989,0.0988439613
Manchester,34.0,0.0271625524,0.0078047961,0.0206969989,0.1020439696
Manchester,47.0,0.0286408692,0.0078047961,0.0226287849,0.1084582289
Manchester,48.0,0.0316050833,0.0078047961,0.0226287849,0.1148651211
Manchester,51.0,0.0316050833,0.0078047961,0.0245633118,0.1180783109
Manchester,52.0,0.0330964986,0.0078047961,0.0245633118,0.1212999468
Manchester,53.0,0.0330964986,0.0116974594,0.0245633118,0.1245176311
Manchester,54.0,0.0330964986,0.0116974594,0.0265025324,0.127734291
Manchester,56.0,0.0345892366,0.0116974594,0.0265025324,0.1309512493
Manchester,58.0,0.0360880252,0.0116974594,0.0284595215,0.1373701672
Manchester,59.0,0.0360880252,0.0116974594,0.0304171687,0.1405858906
Manchester,65.0,0.039093207,0.0116974594,0.032382653,0.1502061293
Manchester,67.0,0.0421167103,0.0116974594,0.032382653,0.1566118778
Manchester,68.0,0.0436361373,0.0116974594,0.032382653,0.1598218055
Manchester,69.0,0.0451628612,0.0116974594,0.032382653,0.163045783
Manchester,71.0,0.0466904959,0.0116974594,0.032382653,0.166268861
Manchester,73.0,0.0482216318,0.0116974594,0.032382653,0.1694890261
Manchester,74.0,0.049753606,0.015589931,0.032382653,0.1759233636
Manchester,76.0,0.049753606,0.0194840816,0.032382653,0.179150239
Manchester,77.0,0.0512949951,0.0194840816,0.032382653,0.1823793348
Manchester,79.0,0.054384095,0.0194840816,0.032382653,0.1888509156
Manchester,80.0,0.054384095,0.0194840816,0.034353774,0.192093296
Manchester,82.0,0.0574768554,0.0194840816,0.034353774,0.1985551268
Manchester,83.0,0.0605886883,0.0194840816,0.034353774,0.2050378322
Manchester,89.0,0.0621543526,0.0194840816,0.034353774,0.2082928346
Manchester,90.0,0.0621543526,0.0194840816,0.0363327748,0.2115443911
Manchester,92.0,0.0637242478,0.0194840816,0.0363327748,0.2148094281
Manchester,94.0,0.0637242478,0.0194840816,0.0383313827,0.2180790175
Manchester,95.0,0.0668692574,0.0194840816,0.0383313827,0.2246062244
Manchester,96.0,0.0668692574,0.0194840816,0.0403527261,0.2278794239
Manchester,100.0,0.0684537862,0.0194840816,0.0403527261,0.2311670287
Manchester,101.0,0.0684537862,0.0194840816,0.0423756171,0.2344539344
Manchester,103.0,0.0700395492,0.0194840816,0.0423756171,0.2377387753
Manchester,104.0,0.0716315494,0.0233788426,0.0444388825,0.2475381867
Manchester,105.0,0.0732243586,0.0233788426,0.0465167399,0.2540868306
Manchester,106.0,0.0732243586,0.0233788426,0.048596309,0.2573672365
Manchester,107.0,0.0748304086,0.0233788426,0.048596309,0.2606435029
Manchester,109.0,0.0748304086,0.0272675087,0.048596309,0.2639212846
Manchester,110.0,0.0748304086,0.0311548284,0.048596309,0.2672035627
Manchester,111.0,0.0764485113,0.0311548284,0.048596309,0.2705019443
Manchester,116.0,0.0780742372,0.0311548284,0.048596309,0.2738170012
Manchester,117.0,0.0780742372,0.0311548284,0.0506869286,0.2771254201
Manchester,118.0,0.0813312721,0.0311548284,0.0527804653,0.2870081748
Manchester,119.0,0.0829877478,0.0311548284,0.0527804653,0.2903403204
Manchester,120.0,0.0846440565,0.0311548284,0.0527804653,0.2936626813
Manchester,121.0,0.0863054283,0.0311548284,0.0549233964,0.3002922716
Manchester,132.0,0.0863054283,0.0311548284,0.0570768774,0.3036158019
Manchester,134.0,0.087973863,0.0311548284,0.0570768774,0.3069291178
Manchester,135.0,0.089646193,0.0311548284,0.0592384847,0.313562337
Manchester,138.0,0.0913243085,0.0311548284,0.0592384847,0.3169023866
Manchester,139.0,0.0913243085,0.0350354286,0.0592384847,0.3202336242
Manchester,140.0,0.0930037,0.0389067872,0.0592384847,0.3268791742
Manchester,146.0,0.0946886128,0.0389067872,0.0592384847,0.3302048739
Manchester,147.0,0.0946886128,0.0427843157,0.0614137959,0.3368318768
Manchester,151.0,0.0946886128,0.0427843157,0.0635979249,0.3401405789
Manchester,154.0,0.0946886128,0.0427843157,0.0701482781,0.3500006683
Manchester,156.0,0.0963772031,0.0427843157,0.0723497,0.3565892232
Manchester,158.0,0.0980695191,0.0466576039,0.0723497,0.3631509638
Manchester,161.0,0.0997729104,0.0466576039,0.0723497,0.3664464306
Manchester,167.0,0.0997729104,0.0505198984,0.0723497,0.3697494688
Manchester,168.0,0.1014879824,0.0505198984,0.0723497,0.3730537738
Manchester,170.0,0.1032058597,0.0505198984,0.074568006,0.3796450281
Manchester,171.0,0.1049265117,0.0505198984,0.0767830009,0.3862517715
Manchester,174.0,0.1066513626,0.0505198984,0.0790127108,0.3928398458
Manchester,175.0,0.1083914987,0.0505198984,0.0790127108,0.3961606293
Manchester,179.0,0.1118743513,0.0505198984,0.0790127108,0.4027632958
Manchester,180.0,0.1118743513,0.0543742774,0.0790127108,0.4060591642
Manchester,181.0,0.1136225336,0.0543742774,0.0790127108,0.4093495139
Manchester,184.0,0.1136225336,0.0543742774,0.0812546238,0.4126341122
Manchester,185.0,0.1153770284,0.0543742774,0.0835156055,0.4191806598
Manchester,186.0,0.1171453554,0.0543742774,0.0835156055,0.4224651018
Manchester,188.0,0.1206869775,0.0543742774,0.0835156055,0.4289968592
Manchester,189.0,0.1224691763,0.0543742774,0.0835156055,0.4323001436
Manchester,190.0,0.12425558,0.0543742774,0.0835156055,0.4355931599
Manchester,191.0,0.1260446828,0.0543742774,0.0835156055,0.4388854952
Manchester,193.0,0.127838593,0.0543742774,0.0857729741,0.4454575052
Manchester,194.0,0.1296449351,0.0543742774,0.0857729741,0.4487665409
Manchester,195.0,0.1314657591,0.0543742774,0.0857729741,0.4520787254
Manchester,206.0,0.1332941754,0.058224331,0.0857729741,0.4586732657
Manchester,208.0,0.1332941754,0.0620745541,0.0857729741,0.4619804883
Manchester,209.0,0.1351227255,0.0620745541,0.0857729741,0.4652859341
Manchester,212.0,0.1351227255,0.0659192009,0.0857729741,0.4685875084
Manchester,215.0,0.1369576689,0.0659192009,0.0857729741,0.4718824651
Manchester,217.0,0.1369576689,0.0659192009,0.0880396287,0.4751748127
Manchester,218.0,0.1387964478,0.0659192009,0.0880396287,0.4784730322
Manchester,221.0,0.1387964478,0.0697670827,0.0880396287,0.4817815191
Manchester,222.0,0.1387964478,0.0697670827,0.0903125182,0.48509556
Manchester,223.0,0.1406536449,0.0697670827,0.0903125182,0.4883983623
Manchester,225.0,0.1406536449,0.0736336785,0.0903125182,0.4917036112
Manchester,226.0,0.1425202767,0.0736336785,0.0903125182,0.4950017448
Manchester,229.0,0.1425202767,0.0736336785,0.0925811008,0.4983044551
Manchester,230.0,0.1443900181,0.0736336785,0.0925811008,0.5016098579
Manchester,231.0,0.1443900181,0.0736336785,0.0948576763,0.5049041213
Manchester,234.0,0.1462619665,0.0736336785,0.0948576763,0.5081902565
Manchester,235.0,0.1481412752,0.0736336785,0.0948576763,0.5114939564
Manchester,237.0,0.1500215875,0.0736336785,0.0948576763,0.514786838
Manchester,239.0,0.1500215875,0.0736336785,0.0971318808,0.5180730339
Manchester,241.0,0.1519108819,0.0736336785,0.0971318808,0.5213566564
Manchester,254.0,0.1519108819,0.0775195972,0.0971318808,0.5246318314
Manchester,256.0,0.1538096473,0.0775195972,0.0971318808,0.5278949651
Manchester,257.0,0.1538096473,0.0775195972,0.0994018833,0.5311458887
Manchester,258.0,0.1557119201,0.0775195972,0.0994018833,0.534384154
Manchester,259.0,0.1557119201,0.0814089527,0.0994018833,0.5376112317
Manchester,262.0,0.1557119201,0.0852921558,0.0994018833,0.5408302668
Manchester,263.0,0.1557119201,0.0891760908,0.0994018833,0.5440408936
Manchester,264.0,0.1557119201,0.0930630179,0.0994018833,0.5472443388
Manchester,266.0,0.1557119201,0.0969489238,0.0994018833,0.5504509358
Manchester,270.0,0.1557119201,0.1008529908,0.0994018833,0.5536690769
Manchester,272.0,0.1557119201,0.1008529908,0.1016800783,0.556884579
Manchester,273.0,0.1576155129,0.1008529908,0.1016800783,0.5600982615
Manchester,274.0,0.1595205263,0.1008529908,0.1016800783,0.5633070275
Manchester,276.0,0.1633336506,0.1008529908,0.1016800783,0.5697037481
Manchester,278.0,0.1633336506,0.1008529908,0.1039613031,0.5728924618
Manchester,279.0,0.1633336506,0.1008529908,0.1062541203,0.576073029
Manchester,289.0,0.1671657826,0.1008529908,0.1062541203,0.5823920932
Manchester,290.0,0.1691068551,0.1008529908,0.1062541203,0.5855814218
Manchester,291.0,0.1710606738,0.1008529908,0.1062541203,0.5887884351
Manchester,302.0,0.1730148649,0.1008529908,0.1062541203,0.5919816903
Manchester,305.0,0.1730148649,0.1047557956,0.1062541203,0.5951638059
Manchester,308.0,0.1749691912,0.1047557956,0.1062541203,0.5983341874
Manchester,312.0,0.1749691912,0.1047557956,0.1131248727,0.6077795833
Manchester,313.0,0.1769274107,0.1047557956,0.1131248727,0.6109384414
Manchester,326.0,0.1769274107,0.1086972083,0.1131248727,0.614097016
Manchester,331.0,0.1769274107,0.1126418385,0.1131248727,0.6172474252
Manchester,335.0,0.1808673897,0.1126418385,0.1131248727,0.6235190291
Manchester,338.0,0.1808673897,0.1126418385,0.1154473084,0.6266522432
Manchester,340.0,0.1808673897,0.1126418385,0.1177809498,0.629785711
Manchester,346.0,0.1808673897,0.1126418385,0.1201354591,0.6329118007
Manchester,350.0,0.182845767,0.1126418385,0.1201354591,0.6360236039
Manchester,351.0,0.182845767,0.1165869824,0.1201354591,0.6391376717
Manchester,352.0,0.186814213,0.1165869824,0.1201354591,0.645344636
Manchester,356.0,0.186814213,0.1205276323,0.1201354591,0.6484848903
Manchester,363.0,0.186814213,0.1205276323,0.1224935999,0.6516146182
Manchester,369.0,0.186814213,0.1205276323,0.1248692712,0.6547539266
Manchester,372.0,0.1888127497,0.1205276323,0.1248692712,0.6579151064
Manchester,377.0,0.190832555,0.1205276323,0.1248692712,0.6610792711
Manchester,380.0,0.1928614244,0.1205276323,0.1248692712,0.6642375713
Manchester,389.0,0.1949001647,0.1205276323,0.1248692712,0.6673879899
Manchester,390.0,0.1969430233,0.1205276323,0.1248692712,0.6705401677
Manchester,397.0,0.198997109,0.1205276323,0.1248692712,0.6736934113
Manchester,400.0,0.2031197463,0.1205276323,0.1248692712,0.6799499034
Manchester,406.0,0.2051887052,0.1205276323,0.1248692712,0.6830789177
Manchester,410.0,0.2072686035,0.1205276323,0.1248692712,0.6862238259
Manchester,412.0,0.2093488154,0.1205276323,0.1248692712,0.6893555111
Manchester,419.0,0.2093488154,0.1205276323,0.1272540362,0.6924767894
Manchester,423.0,0.2114379036,0.1205276323,0.1272540362,0.6956006714
Manchester,425.0,0.2156183514,0.1205276323,0.1272540362,0.7018380664
Manchester,427.0,0.2198052582,0.1205276323,0.1272540362,0.7080087088
Manchester,428.0,0.221916278,0.1205276323,0.1272540362,0.7110915655
Manchester,436.0,0.2240276533,0.1205276323,0.1272540362,0.714160526
Manchester,441.0,0.2240276533,0.1244642055,0.1272540362,0.7172117402
Manchester,444.0,0.2240276533,0.1244642055,0.1296460531,0.7202484635
Manchester,445.0,0.2261443608,0.1244642055,0.1296460531,0.7232937606
Manchester,453.0,0.228263281,0.1244642055,0.1320482938,0.7293617693
Manchester,461.0,0.228263281,0.1244642055,0.134448216,0.7323834251
Manchester,470.0,0.232492817,0.1244642055,0.134448216,0.7383770213
Manchester,472.0,0.2346274619,0.1244642055,0.134448216,0.7414438658
Manchester,478.0,0.2367632993,0.1244642055,0.134448216,0.744495946
Manchester,482.0,0.2367632993,0.1283964751,0.134448216,0.7475645985
Manchester,485.0,0.2367632993,0.1283964751,0.136844703,0.7506347806
Manchester,490.0,0.2389065672,0.1283964751,0.136844703,0.7536938347
Manchester,493.0,0.2410557752,0.1283964751,0.136844703,0.7567478782
Manchester,494.0,0.2432064931,0.1283964751,0.136844703,0.7598147132
Manchester,495.0,0.2453634264,0.1283964751,0.136844703,0.7628842703
Manchester,498.0,0.2475449114,0.1283964751,0.136844703,0.7659591356
Manchester,502.0,0.2475449114,0.132323492,0.136844703,0.7690128118
Manchester,511.0,0.2497287114,0.132323492,0.136844703,0.7720695618
Manchester,513.0,0.2519224291,0.132323492,0.136844703,0.7751143574
Manchester,515.0,0.2541310853,0.132323492,0.136844703,0.7782124266
Manchester,522.0,0.256348654,0.132323492,0.136844703,0.7812907944
Manchester,532.0,0.2585926161,0.132323492,0.136844703,0.7843804397
Manchester,536.0,0.2608523339,0.132323492,0.136844703,0.7874877936
Manchester,540.0,0.2608523339,0.1362434095,0.136844703,0.7905820662
Manchester,543.0,0.2653831367,0.1362434095,0.136844703,0.7967194294
Manchester,546.0,0.2676651377,0.1362434095,0.136844703,0.7997868172
Manchester,550.0,0.2699512972,0.1362434095,0.136844703,0.8028317304
Manchester,554.0,0.2722344257,0.1362434095,0.136844703,0.8058478868
Manchester,555.0,0.2745216801,0.1362434095,0.136844703,0.8088542953
Manchester,560.0,0.2745216801,0.1362434095,0.1392496108,0.8118469365
Manchester,574.0,0.2768124087,0.1401567861,0.1392496108,0.8177607718
Manchester,577.0,0.2790995627,0.1401567861,0.1392496108,0.8207116128
Manchester,593.0,0.2790995627,0.1401567861,0.1416548319,0.8236556987
Manchester,595.0,0.2790995627,0.1401567861,0.1440671962,0.8266096388
Manchester,596.0,0.2813998823,0.1401567861,0.1440671962,0.829546512
Manchester,623.0,0.2837110839,0.1401567861,0.1440671962,0.8324774491
Manchester,636.0,0.2837110839,0.1401567861,0.1464749544,0.8353949972
Manchester,639.0,0.2837110839,0.1401567861,0.1488963271,0.8382942953
Manchester,640.0,0.2837110839,0.1401567861,0.1513341862,0.8411786034
Manchester,648.0,0.2837110839,0.1440630077,0.1513341862,0.8440289201
Manchester,651.0,0.2837110839,0.1479737337,0.1513341862,0.8468406541
Manchester,665.0,0.2860361048,0.1518742901,0.1513341862,0.8524250338
Manchester,666.0,0.2883679979,0.1518742901,0.1513341862,0.8551930957
Manchester,671.0,0.290715033,0.1557946383,0.1513341862,0.8606609904
Manchester,675.0,0.290715033,0.1597154904,0.1513341862,0.863379436
Manchester,684.0,0.290715033,0.1597154904,0.1537675271,0.8661373081
Manchester,694.0,0.2930771947,0.1597154904,0.1537675271,0.8688748284
Manchester,710.0,0.2954460162,0.1597154904,0.1537675271,0.8715797328
Manchester,724.0,0.2978208561,0.1597154904,0.1537675271,0.8742905224
Manchester,742.0,0.2978208561,0.1597154904,0.1562069513,0.8770599232
Manchester,749.0,0.3002109052,0.1597154904,0.1562069513,0.8798161446
Manchester,757.0,0.3026174701,0.1597154904,0.1562069513,0.8825609838
Manchester,758.0,0.3026174701,0.1597154904,0.1586526285,0.885282138
Manchester,777.0,0.3026174701,0.1636356508,0.1586526285,0.8879899134
Manchester,789.0,0.3026174701,0.1676183202,0.1586526285,0.8907593937
Manchester,794.0,0.3050833072,0.1676183202,0.1586526285,0.8935085099
Manchester,807.0,0.3050833072,0.1716724862,0.1586526285,0.8963117784
Manchester,811.0,0.3050833072,0.1757219743,0.1611912001,0.9017720085
Manchester,813.0,0.3050833072,0.1757219743,0.1637320397,0.904486332
Manchester,815.0,0.3050833072,0.1797668999,0.1637320397,0.9071648695
Manchester,839.0,0.312563993,0.1797668999,0.1637320397,0.9148675022
Manchester,853.0,0.3151096683,0.1797668999,0.1637320397,0.9174394949
Manchester,854.0,0.3176555447,0.1797668999,0.1637320397,0.9199612906
Manchester,856.0,0.3176555447,0.1838057543,0.1637320397,0.922464363
Manchester,864.0,0.3202246281,0.1838057543,0.1637320397,0.9249515165
Manchester,878.0,0.3228797699,0.1838057543,0.1637320397,0.9274760865
Manchester,916.0,0.3228797699,0.1880450369,0.1637320397,0.9300426351
Manchester,922.0,0.3255948024,0.1880450369,0.1637320397,0.9325695216
Manchester,930.0,0.3284032898,0.1880450369,0.1637320397,0.9351228212
Manchester,953.0,0.3284032898,0.192388635,0.1637320397,0.9376489617
Manchester,966.0,0.3312123951,0.192388635,0.1637320397,0.9401257567
Manchester,972.0,0.3312123951,0.1967381667,0.1637320397,0.9425771266
Manchester,980.0,0.3312123951,0.2010980967,0.1637320397,0.9449901972
Manchester,1036.0,0.3340447591,0.2010980967,0.1637320397,0.9473485684
Manchester,1050.0,0.3340447591,0.2100006298,0.1637320397,0.9519058044
Manchester,1051.0,0.3340447591,0.2144680301,0.1637320397,0.9542108433
Manchester,1062.0,0.3369923674,0.2144680301,0.1637320397,0.9564822795
Manchester,1065.0,0.3399450095,0.2144680301,0.1637320397,0.9587171253
Manchester,1071.0,0.3429012296,0.2144680301,0.1637320397,0.9608987683
Manchester,1073.0,0.3459553607,0.2144680301,0.1637320397,0.9630447544
Manchester,1095.0,0.3459553607,0.2144680301,0.1637320397,0.9630447544
