rec_unit,time,surv
Birmingham,0,1
Birmingham,1,0.990591321
Birmingham,9,0.981028305
Birmingham,10,0.976214579
Birmingham,13,0.971405773
Birmingham,16,0.961797307
Birmingham,18,0.956920941
Birmingham,21,0.947156031
Birmingham,25,0.942202613
Birmingham,26,0.937168993
Birmingham,42,0.93212459
Birmingham,56,0.92701903
Birmingham,57,0.921859054
Birmingham,69,0.916691599
Birmingham,70,0.906260146
Birmingham,80,0.900964474
Birmingham,96,0.895589978
Birmingham,100,0.890062242
Birmingham,105,0.88451605
Birmingham,114,0.8789539
Birmingham,121,0.873281996
Birmingham,122,0.867567767
Birmingham,138,0.86180698
Birmingham,157,0.856010255
Birmingham,173,0.844277473
Birmingham,177,0.838264405
Birmingham,193,0.832230469
Birmingham,237,0.826198258
Birmingham,276,0.820121196
Birmingham,289,0.814013484
Birmingham,292,0.807814512
Birmingham,297,0.801589326
Birmingham,303,0.795330162
Birmingham,310,0.788993158
Birmingham,328,0.782612996
Birmingham,403,0.775535529
Birmingham,439,0.768406166
Birmingham,517,0.754205864
Birmingham,553,0.746968279
Birmingham,558,0.739605078
Birmingham,723,0.731440595
Birmingham,732,0.722929528
Birmingham,827,0.71339094
Birmingham,1258,0.70309116
Birmingham,1572,0.688666809
Birmingham,1582,0.673950893
Birmingham,1826,0.673950893
Harefield,0,1
Harefield,0,0.995952148
Harefield,1,0.991894019
Harefield,3,0.987817645
Harefield,4,0.985776527
Harefield,6,0.981691483
Harefield,7,0.979642045
Harefield,8,0.977588392
Harefield,9,0.975528171
Harefield,10,0.973464721
Harefield,11,0.971398147
Harefield,13,0.969325951
Harefield,15,0.967248928
Harefield,16,0.965166236
Harefield,19,0.961003426
Harefield,25,0.958914916
Harefield,29,0.956822764
Harefield,38,0.954731556
Harefield,41,0.952638673
Harefield,42,0.948450267
Harefield,44,0.946349403
Harefield,49,0.944243452
Harefield,52,0.940032486
Harefield,64,0.937919639
Harefield,72,0.935799567
Harefield,115,0.933621727
Harefield,118,0.931445327
Harefield,121,0.929267591
Harefield,123,0.927088132
Harefield,127,0.924907718
Harefield,141,0.922724325
Harefield,144,0.920540933
Harefield,163,0.918353749
Harefield,164,0.916166042
Harefield,166,0.913966955
Harefield,190,0.911764861
Harefield,191,0.909556536
Harefield,198,0.907343374
Harefield,203,0.905127005
Harefield,213,0.902911241
Harefield,215,0.900695233
Harefield,216,0.898475492
Harefield,269,0.8962552
Harefield,298,0.894026204
Harefield,303,0.891795756
Harefield,348,0.889533638
Harefield,351,0.887265691
Harefield,361,0.884975064
Harefield,375,0.882675467
Harefield,398,0.88031541
Harefield,412,0.877930524
Harefield,415,0.875545395
Harefield,436,0.873144839
Harefield,441,0.870739224
Harefield,463,0.868321453
Harefield,505,0.865896109
Harefield,548,0.86104089
Harefield,552,0.858603456
Harefield,575,0.856165039
Harefield,644,0.853719945
Harefield,652,0.851247287
Harefield,660,0.848759953
Harefield,661,0.846269927
Harefield,697,0.843719419
Harefield,739,0.840961579
Harefield,740,0.838200555
Harefield,753,0.835387008
Harefield,755,0.83255573
Harefield,811,0.829486401
Harefield,826,0.826392082
Harefield,836,0.823295051
Harefield,838,0.820190563
Harefield,907,0.817083203
Harefield,938,0.813968997
Harefield,954,0.810849771
Harefield,987,0.807712779
Harefield,1008,0.804546218
Harefield,1059,0.80133933
Harefield,1066,0.798100306
Harefield,1136,0.794367131
Harefield,1148,0.790562844
Harefield,1191,0.786626635
Harefield,1317,0.782648988
Harefield,1343,0.778638186
Harefield,1351,0.7745758
Harefield,1557,0.768788885
Harefield,1563,0.762996503
Harefield,1645,0.757064103
Harefield,1733,0.751106156
Harefield,1745,0.745129726
Harefield,1762,0.738997102
Harefield,1783,0.732584158
Harefield,1784,0.726149271
Harefield,1826,0.726149271
Manchester,0,1
Manchester,0,0.997091064
Manchester,1,0.994179087
Manchester,2,0.991261636
Manchester,5,0.988336768
Manchester,10,0.98539286
Manchester,28,0.982423419
Manchester,51,0.97944667
Manchester,52,0.976463309
Manchester,53,0.973481559
Manchester,58,0.970485183
Manchester,82,0.967458039
Manchester,88,0.964423814
Manchester,91,0.961389151
Manchester,103,0.958314935
Manchester,112,0.955212071
Manchester,119,0.952106512
Manchester,154,0.945901515
Manchester,188,0.942777804
Manchester,198,0.93963041
Manchester,208,0.936474998
Manchester,246,0.933305107
Manchester,262,0.930124903
Manchester,267,0.926945251
Manchester,268,0.923756467
Manchester,274,0.920549394
Manchester,301,0.917327645
Manchester,312,0.914090335
Manchester,318,0.910837408
Manchester,327,0.907553194
Manchester,330,0.904260338
Manchester,331,0.897674395
Manchester,344,0.890928157
Manchester,373,0.887399514
Manchester,374,0.883849019
Manchester,394,0.88028089
Manchester,415,0.876701755
Manchester,439,0.873092488
Manchester,449,0.869477055
Manchester,450,0.865860111
Manchester,452,0.862224896
Manchester,472,0.85857998
Manchester,480,0.854907743
Manchester,507,0.851211698
Manchester,511,0.847514517
Manchester,568,0.843797983
Manchester,593,0.840056652
Manchester,595,0.836307682
Manchester,604,0.832537256
Manchester,620,0.828744809
Manchester,625,0.82493478
Manchester,665,0.821017734
Manchester,703,0.816864198
Manchester,704,0.812693387
Manchester,756,0.808148067
Manchester,772,0.803558454
Manchester,776,0.798925119
Manchester,869,0.79418747
Manchester,876,0.789440692
Manchester,923,0.784673485
Manchester,1002,0.779859522
Manchester,1007,0.775044195
Manchester,1030,0.770206653
Manchester,1045,0.765279307
Manchester,1082,0.760013426
Manchester,1110,0.75450965
Manchester,1147,0.748759348
Manchester,1151,0.742997425
Manchester,1171,0.73711789
Manchester,1186,0.731153671
Manchester,1224,0.725191426
Manchester,1225,0.719138376
Manchester,1293,0.713010233
Manchester,1445,0.706465098
Manchester,1582,0.699102335
Manchester,1588,0.691696015
Manchester,1662,0.684234496
Manchester,1773,0.676636083
Manchester,1806,0.668595955
Manchester,1826,0.668595955
Newcastle,0,1
Newcastle,1,0.998223285
Newcastle,3,0.996437699
Newcastle,5,0.994650198
Newcastle,6,0.992860885
Newcastle,8,0.991068838
Newcastle,10,0.989273711
Newcastle,11,0.987475076
Newcastle,12,0.985668909
Newcastle,14,0.982048157
Newcastle,17,0.978400482
Newcastle,18,0.974745684
Newcastle,19,0.969259199
Newcastle,21,0.967417903
Newcastle,24,0.963732027
Newcastle,26,0.961884358
Newcastle,31,0.960022635
Newcastle,32,0.956299108
Newcastle,34,0.95442968
Newcastle,43,0.952540544
Newcastle,45,0.95064929
Newcastle,46,0.948757566
Newcastle,49,0.944965531
Newcastle,55,0.943058998
Newcastle,61,0.941152352
Newcastle,62,0.939243181
Newcastle,84,0.937323158
Newcastle,90,0.935376047
Newcastle,102,0.933378178
Newcastle,109,0.931376766
Newcastle,118,0.929366283
Newcastle,127,0.92735618
Newcastle,132,0.925344227
Newcastle,149,0.923320698
Newcastle,163,0.921288737
Newcastle,166,0.917215774
Newcastle,176,0.915157915
Newcastle,177,0.913093912
Newcastle,180,0.911023871
Newcastle,182,0.90894872
Newcastle,185,0.906867127
Newcastle,189,0.904782272
Newcastle,191,0.902696194
Newcastle,227,0.900607664
Newcastle,231,0.898502526
Newcastle,252,0.896392853
Newcastle,256,0.894275919
Newcastle,271,0.892157254
Newcastle,300,0.89003386
Newcastle,301,0.887903983
Newcastle,316,0.885757102
Newcastle,349,0.883598395
Newcastle,373,0.881314318
Newcastle,375,0.879019201
Newcastle,421,0.876652126
Newcastle,444,0.874276903
Newcastle,463,0.871901122
Newcastle,465,0.869500958
Newcastle,471,0.867079157
Newcastle,490,0.864649204
Newcastle,492,0.862213327
Newcastle,528,0.859770173
Newcastle,534,0.857314275
Newcastle,588,0.854854484
Newcastle,925,0.85177727
Newcastle,969,0.848671781
Newcastle,999,0.845474716
Newcastle,1032,0.842169589
Newcastle,1038,0.838819862
Newcastle,1049,0.835448074
Newcastle,1066,0.832043442
Newcastle,1087,0.82861138
Newcastle,1090,0.82514731
Newcastle,1100,0.821671827
Newcastle,1107,0.818140953
Newcastle,1117,0.814588321
Newcastle,1191,0.810908101
Newcastle,1246,0.807210301
Newcastle,1410,0.803405072
Newcastle,1440,0.799423351
Newcastle,1571,0.795215965
Newcastle,1606,0.79099583
Newcastle,1618,0.786767938
Newcastle,1678,0.782533705
Newcastle,1700,0.778264258
Newcastle,1796,0.773781747
Newcastle,1807,0.769288842
Newcastle,1808,0.764725266
Newcastle,1826,0.764725266
Papworth,0,1
Papworth,0,0.990228901
Papworth,3,0.987739431
Papworth,6,0.985240482
Papworth,12,0.982731835
Papworth,16,0.977714455
Papworth,19,0.975191276
Papworth,25,0.972662683
Papworth,33,0.970130745
Papworth,47,0.967594244
Papworth,48,0.965049963
Papworth,66,0.962495458
Papworth,81,0.959937929
Papworth,82,0.957367614
Papworth,87,0.954794969
Papworth,91,0.952220558
Papworth,94,0.949637087
Papworth,95,0.947048273
Papworth,99,0.941863361
Papworth,104,0.939247498
Papworth,119,0.936628902
Papworth,128,0.933991874
Papworth,137,0.931348242
Papworth,140,0.928695712
Papworth,145,0.926033343
Papworth,150,0.923366406
Papworth,184,0.920694767
Papworth,189,0.918024627
Papworth,196,0.915348878
Papworth,198,0.912652881
Papworth,208,0.909953813
Papworth,238,0.907250386
Papworth,240,0.904538079
Papworth,244,0.901815525
Papworth,256,0.899092268
Papworth,268,0.896354118
Papworth,307,0.893611454
Papworth,323,0.890866743
Papworth,324,0.888103334
Papworth,343,0.885314098
Papworth,349,0.88252656
Papworth,350,0.876949614
Papworth,373,0.874120924
Papworth,385,0.871238421
Papworth,448,0.86831416
Papworth,458,0.865383184
Papworth,473,0.862445978
Papworth,478,0.859489014
Papworth,482,0.856511087
Papworth,487,0.853527483
Papworth,491,0.850540119
Papworth,507,0.847552155
Papworth,524,0.84155983
Papworth,535,0.838536771
Papworth,543,0.835507925
Papworth,579,0.83246744
Papworth,603,0.829426956
Papworth,613,0.826378871
Papworth,621,0.823307774
Papworth,654,0.82020172
Papworth,667,0.817072176
Papworth,685,0.813883941
Papworth,721,0.807313648
Papworth,789,0.803857077
Papworth,821,0.800339781
Papworth,849,0.796786707
Papworth,859,0.793227269
Papworth,861,0.789627819
Papworth,880,0.786020259
Papworth,899,0.782385559
Papworth,923,0.778713367
Papworth,944,0.775031394
Papworth,1027,0.771326177
Papworth,1126,0.767026425
Papworth,1127,0.762702042
Papworth,1289,0.75830303
Papworth,1335,0.753858399
Papworth,1353,0.749393635
Papworth,1361,0.744895524
Papworth,1408,0.740364385
Papworth,1418,0.735794454
Papworth,1468,0.730665569
Papworth,1512,0.725167441
Papworth,1554,0.719135384
Papworth,1562,0.713089954
Papworth,1624,0.707006553
Papworth,1790,0.700660765
Papworth,1815,0.694151536
Papworth,1826,0.694151536
,,
,,
,,
,,
,,
,,
,,
,,
,,
,,
,,
,,
,,
,,
,,
,,
,,
,,
,,
,,
,,
,,
,,
,,
,,
,,
,,
,,
,,
,,
,,
,,
,,
,,
,,
,,
,,
,,
,,
,,
,,
,,
,,
,,
,,
,,
,,
,,
,,
,,
,,
,,
,,
,,
,,
,,
,,
,,
,,
,,
,,
,,
,,
,,
,,
,,
,,
,,
,,
,,
,,
,,
,,
,,
,,
,,
,,
,,
,,
,,
,,
,,
,,
,,
,,
,,
,,
,,
,,
,,
,,
,,
,,
,,
,,
,,
,,
,,
,,
,,
,,
,,
,,
,,
,,
,,
,,
,,
,,
,,
,,
,,
,,
,,
,,
,,
,,
,,
,,
,,
,,
,,
,,
,,
,,
,,
,,
,,
,,
,,
,,
,,
,,
,,
,,
,,
,,
,,
,,
,,
,,
,,
,,
,,
,,
,,
,,
,,
,,
,,
,,
,,
,,
,,
,,
,,
,,
,,
,,
,,
,,
,,
,,
,,
,,
,,
,,
,,
,,
,,
,,
,,
,,
,,
,,
,,
,,
,,
,,
,,
,,
,,
,,
,,
,,
,,
,,
,,
,,
,,
,,
,,
,,
,,
,,
,,
,,
,,
,,
,,
,,
,,
,,
,,
,,
,,
,,
,,
,,
,,
,,
,,
,,
,,
,,
,,
,,
,,
,,
,,
,,
,,
,,
,,
,,
,,
,,
,,
,,
,,
,,
,,
,,
,,
,,
,,
,,
,,
,,
,,
,,
,,
,,
,,
,,
,,
,,
,,
,,
,,
,,
,,
,,
,,
,,
,,
,,
,,
,,
,,
,,
,,
,,
,,
,,
,,
,,
,,
,,
,,
,,
,,
,,
,,
,,
,,
,,
,,
,,
,,
,,
,,
,,
,,
,,
,,
,,
,,
,,
,,
,,
,,
,,
,,
,,
,,
,,
,,
,,
,,
,,
,,
,,
,,
,,
,,
,,
,,
,,
,,
,,
,,
,,
,,
,,
,,
,,
,,
,,
,,
,,
,,
,,
,,
,,
,,
,,
,,
,,
,,
,,
,,
,,
,,
,,
,,
,,
,,
,,
,,
,,
,,
,,
,,
,,
,,
,,
,,
,,
,,
,,
,,
,,
,,
,,
,,
,,
,,
,,
,,
,,
,,
,,
,,
,,
,,
,,
,,
,,
,,
,,
,,
,,
,,
,,
,,
,,
,,
,,
,,
,,
,,
,,
,,
,,
,,
,,
,,
,,
,,
,,
,,
,,
,,
,,
,,
,,
,,
,,
,,
,,
,,
,,
,,
,,
,,
,,
,,
,,
,,
,,
,,
,,
,,
,,
,,
,,
,,
,,
,,
,,
,,
,,
,,
,,
,,
,,
,,
,,
,,
,,
,,
,,
,,
,,
,,
,,
,,
,,
,,
,,
,,
,,
,,
,,
,,
,,
,,
,,
,,
,,
,,
,,
,,
,,
,,
,,
,,
,,
,,
,,
,,
,,
,,
,,
,,
,,
,,
,,
,,
,,
,,
,,
,,
,,
,,
,,
,,
,,
,,
,,
,,
,,
,,
,,
,,
,,
,,
,,
,,
,,
,,
,,
,,
,,
,,
,,
,,
,,
,,
,,
,,
,,
,,
,,
,,
,,
,,
,,
,,
,,
,,
,,
,,
,,
,,
,,
,,
,,
,,
,,
,,
,,
,,
,,
,,
,,
,,
,,
,,
,,
,,
,,
,,
,,
,,
,,
,,
,,
,,
,,
,,
,,
,,
,,
,,
,,
,,
,,
,,
,,
,,
,,
,,
,,
,,
,,
,,
,,
,,
,,
,,
,,
,,
,,
,,
,,
,,
,,
,,
,,
,,
,,
,,
,,
,,
,,
,,
,,
,,
,,
,,
,,
,,
,,
,,
,,
,,
,,
,,
,,
,,
,,
,,
,,
,,
,,
,,
,,
,,
,,
,,
,,
,,
,,
,,
,,
,,
,,
,,
,,
,,
,,
,,
,,
,,
,,
,,
,,
,,
,,
,,
,,
,,
,,
,,
,,
,,
,,
,,
,,
,,
,,
,,
,,
,,
,,
,,
,,
,,
,,
,,
,,
,,
,,
,,
,,
,,
,,
,,
,,
,,
,,
,,
,,
,,
,,
,,
,,
,,
,,
,,
,,
,,
,,
,,
,,
,,
,,
,,
,,
,,
,,
,,
,,
,,
,,
,,
,,
,,
,,
,,
,,
,,
,,
,,
,,
,,
,,
,,
,,
,,
,,
,,
,,
,,
,,
,,
,,
,,
,,
,,
,,
,,
,,
,,
,,
,,
,,
,,
,,
,,
,,
,,
,,
,,
,,
,,
,,
,,
,,
,,
,,
,,
,,
,,
,,
,,
,,
,,
,,
,,
,,
,,
,,
,,
,,
,,
,,
,,
,,
,,
,,
,,
,,
,,
,,
,,
,,
,,
,,
,,
,,
,,
,,
,,
,,
,,
,,
,,
,,
,,
,,
,,
,,
,,
,,
,,
,,
,,
,,
,,
,,
,,
,,
,,
,,
,,
,,
,,
,,
,,
,,
,,
,,
,,
,,
,,
,,
,,
,,
,,
,,
,,
,,
,,
,,
,,
,,
,,
,,
,,
,,
,,
,,
,,
,,
,,
,,
,,
,,
,,
,,
,,
,,
,,
,,
,,
,,
,,
,,
,,
,,
,,
,,
,,
,,
,,
,,
,,
,,
,,
,,
,,
,,
,,
,,
,,
,,
,,
,,
,,
,,
,,
,,
,,
,,
,,
,,
,,
,,
,,
,,
,,
,,
,,
,,
,,
,,
,,
,,
,,
,,
,,
,,
,,
,,
,,
,,
,,
,,
,,
,,
,,
,,
,,
,,
,,
,,
,,
,,
,,
,,
,,
,,
,,
,,
,,
,,
,,
,,
,,
,,
,,
,,
,,
,,
,,
,,
,,
,,
,,
,,
,,
,,
,,
,,
,,
,,
,,
,,
,,
,,
,,
,,
,,
,,
,,
,,
,,
,,
,,
,,
,,
,,
,,
,,
,,
,,
,,
,,
,,
,,
,,
,,
,,
,,
,,
,,
,,
,,
,,
,,
,,
,,
,,
,,
,,
,,
,,
,,
,,
,,
,,
,,
,,
,,
,,
,,
,,
,,
,,
,,
,,
,,
,,
,,
,,
,,
,,
,,
,,
,,
,,
,,
,,
,,
,,
,,
,,
,,
,,
,,
,,
,,
,,
,,
,,
,,
,,
,,
,,
,,
,,
,,
,,
,,
,,
,,
,,
,,
,,
,,
,,
,,
,,
,,
,,
,,
,,
,,
,,
,,
,,
,,
,,
,,
,,
,,
,,
,,
,,
,,
,,
,,
,,
,,
,,
,,
,,
,,
,,
,,
,,
,,
,,
,,
,,
,,
,,
,,
,,
,,
,,
,,
,,
,,
,,
,,
,,
,,
,,
,,
,,
,,
,,
,,
,,
,,
,,
,,
,,
,,
,,
,,
,,
,,
,,
,,
,,
,,
,,
,,
,,
,,
,,
,,
,,
,,
,,
,,
,,
,,
,,
,,
,,
,,
,,
,,
,,
,,
,,
,,
,,
,,
,,
,,
,,
,,
,,
,,
,,
,,
,,
,,
,,
,,
,,
,,
,,
,,
,,
,,
,,
,,
,,
,,
,,
,,
,,
,,
,,
,,
,,
,,
,,
,,
,,
,,
,,
,,
,,
,,
,,
,,
,,
,,
,,
,,
,,
,,
,,
,,
,,
,,
,,
,,
,,
,,
,,
,,
,,
,,
,,
,,
,,
,,
,,
,,
,,
,,
,,
,,
,,
,,
,,
,,
,,
,,
,,
,,
,,
,,
,,
,,
,,
,,
,,
,,
,,
,,
,,
,,
,,
,,
,,
,,
,,
,,
,,
,,
,,
,,
,,
,,
,,
,,
,,
,,
,,
,,
,,
,,
,,
,,
,,
,,
,,
,,
,,
,,
,,
,,
,,
,,
,,
,,
,,
,,
,,
,,
,,
,,
,,
,,
,,
,,
,,
,,
,,
,,
,,
,,
,,
,,
,,
,,
,,
,,
,,
,,
,,
,,
,,
,,
,,
,,
,,
,,
,,
,,
,,
,,
,,
,,
,,
,,
,,
,,
,,
,,
,,
,,
,,
,,
,,
,,
,,
,,
,,
,,
,,
,,
,,
,,
,,
,,
,,
,,
,,
,,
,,
,,
,,
,,
,,
,,
,,
,,
,,
,,
,,
,,
,,
,,
,,
,,
,,
,,
,,
,,
,,
,,
,,
,,
,,
,,
,,
,,
,,
,,
,,
,,
,,
,,
,,
,,
,,
,,
,,
,,
,,
,,
,,
,,
,,
,,
,,
,,
,,
,,
,,
,,
,,
,,
,,
,,
,,
,,
,,
,,
,,
,,
,,
,,
,,
,,
,,
,,
,,
,,
,,
,,
,,
,,
,,
,,
,,
,,
,,
,,
,,
,,
,,
,,
,,
,,
,,
,,
,,
,,
,,
,,
,,
,,
,,
,,
,,
,,
,,
,,
,,
,,
,,
,,
,,
,,
,,
,,
,,
,,
,,
,,
,,
,,
,,
,,
,,
,,
,,
,,
,,
,,
,,
,,
,,
,,
,,
,,
,,
,,
,,
,,
,,
,,
,,
,,
,,
,,
,,
,,
,,
,,
,,
,,
,,
,,
,,
,,
,,
,,
,,
,,
,,
,,
,,
,,
,,
,,
,,
,,
,,
,,
,,
,,
,,
,,
,,
,,
,,
,,
,,
,,
,,
,,
,,
,,
,,
,,
,,
,,
,,
,,
,,
,,
,,
,,
,,
,,
,,
,,
,,
,,
,,
,,
,,
,,
,,
,,
,,
,,
,,
,,
,,
,,
,,
,,
,,
,,
,,
,,
,,
,,
,,
,,
,,
,,
,,
,,
,,
,,
,,
,,
,,
,,
,,
,,
,,
,,
,,
,,
,,
,,
,,
,,
,,
,,
,,
,,
,,
,,
,,
,,
,,
,,
,,
,,
,,
,,
,,
,,
,,
,,
,,
,,
,,
,,
,,
,,
,,
,,
,,
,,
,,
,,
,,
,,
,,
,,
,,
,,
,,
,,
,,
,,
,,
,,
,,
,,
,,
,,
,,
,,
,,
,,
,,
,,
,,
,,
,,
,,
,,
,,
,,
,,
,,
,,
,,
,,
,,
,,
,,
,,
,,
,,
,,
,,
,,
,,
,,
,,
,,
,,
,,
,,
,,
,,
,,
,,
,,
,,
,,
,,
,,
,,
,,
,,
,,
,,
,,
,,
,,
,,
,,
,,
,,
,,
,,
,,
,,
,,
,,
,,
,,
,,
,,
,,
,,
,,
,,
,,
,,
,,
,,
,,
,,
,,
,,
,,
,,
,,
,,
,,
,,
,,
,,
,,
,,
,,
,,
,,
,,
,,
,,
,,
,,
,,
,,
,,
,,
,,
,,
,,
,,
,,
,,
,,
,,
,,
,,
,,
,,
,,
,,
,,
,,
,,
,,
,,
,,
,,
,,
,,
,,
,,
,,
,,
,,
,,
,,
,,
,,
,,
,,
,,
,,
,,
,,
,,
,,
,,
,,
,,
,,
,,
,,
,,
,,
,,
,,
,,
,,
,,
,,
,,
,,
,,
,,
,,
,,
,,
,,
,,
,,
,,
,,
,,
,,
,,
,,
,,
,,
,,
,,
,,
,,
,,
,,
,,
,,
,,
,,
,,
,,
,,
,,
,,
,,
,,
,,
,,
,,
,,
,,
,,
,,
,,
,,
,,
,,
,,
,,
,,
,,
,,
,,
,,
,,
,,
,,
,,
,,
,,
,,
,,
,,
,,
,,
,,
,,
,,
,,
,,
,,
,,
,,
,,
,,
,,
,,
,,
,,
,,
,,
,,
,,
,,
,,
,,
,,
,,
,,
,,
,,
,,
,,
,,
,,
,,
,,
,,
,,
,,
,,
,,
,,
,,
,,
,,
,,
,,
,,
,,
,,
,,
,,
,,
,,
,,
,,
,,
,,
,,
,,
,,
,,
,,
,,
,,
,,
,,
,,
,,
,,
,,
,,
,,
,,
,,
,,
,,
,,
,,
,,
,,
,,
,,
,,
,,
,,
,,
,,
,,
,,
,,
,,
,,
,,
,,
,,
,,
,,
,,
,,
,,
,,
,,
,,
,,
,,
,,
,,
,,
,,
,,
,,
,,
,,
,,
,,
,,
,,
,,
,,
,,
,,
,,
,,
,,
,,
,,
,,
,,
,,
,,
,,
,,
,,
,,
,,
,,
,,
,,
,,
,,
,,
,,
,,
,,
,,
,,
,,
,,
,,
,,
,,
,,
,,
,,
,,
,,
,,
,,
,,
,,
,,
,,
,,
,,
,,
,,
,,
,,
,,
,,
,,
,,
,,
,,
,,
,,
,,
,,
,,
,,
,,
,,
,,
,,
,,
,,
,,
,,
,,
,,
,,
,,
,,
,,
,,
,,
,,
,,
,,
,,
,,
,,
,,
,,
,,
,,
,,
,,
,,
,,
,,
,,
,,
,,
,,
,,
,,
,,
,,
,,
,,
,,
,,
,,
,,
,,
,,
,,
,,
,,
,,
,,
,,
,,
,,
,,
,,
,,
,,
,,
,,
,,
,,
,,
,,
,,
,,
,,
,,
,,
,,
,,
,,
,,
,,
,,
,,
,,
,,
,,
,,
,,
,,
,,
,,
,,
,,
,,
,,
,,
,,
,,
,,
,,
,,
,,
,,
,,
,,
,,
,,
,,
,,
,,
,,
,,
,,
,,
,,
,,
,,
,,
,,
,,
,,
,,
,,
,,
,,
,,
,,
,,
,,
,,
,,
,,
,,
,,
,,
,,
,,
,,
,,
,,
,,
,,
,,
,,
,,
,,
,,
,,
,,
,,
,,
,,
,,
,,
,,
,,
,,
,,
,,
,,
,,
,,
,,
,,
,,
,,
,,
,,
,,
,,
,,
,,
,,
,,
,,
,,
,,
,,
,,
,,
,,
,,
,,
,,
,,
,,
,,
,,
,,
,,
,,
,,
,,
,,
,,
,,
,,
,,
,,
,,
,,
,,
,,
,,
,,
,,
,,
,,
,,
,,
,,
,,
,,
,,
,,
,,
,,
,,
,,
,,
,,
,,
,,
,,
,,
,,
,,
,,
,,
,,
,,
,,
,,
,,
,,
,,
,,
,,
,,
,,
,,
,,
,,
,,
,,
,,
,,
,,
,,
,,
,,
,,
,,
,,
,,
,,
,,
,,
,,
,,
,,
,,
,,
,,
,,
,,
,,
,,
,,
,,
,,
,,
,,
,,
,,
,,
,,
,,
,,
,,
,,
,,
,,
,,
,,
,,
,,
,,
,,
,,
,,
,,
,,
,,
,,
,,
,,
,,
,,
,,
,,
,,
,,
,,
,,
,,
,,
,,
,,
,,
,,
,,
,,
,,
,,
,,
,,
,,
,,
,,
,,
,,
,,
,,
,,
,,
,,
,,
,,
,,
,,
,,
,,
,,
,,
,,
,,
,,
,,
,,
,,
,,
,,
,,
,,
,,
,,
,,
,,
,,
,,
,,
,,
,,
,,
,,
,,
,,
,,
,,
,,
,,
,,
,,
,,
,,
,,
,,
,,
,,
,,
,,
,,
,,
,,
,,
,,
,,
,,
,,
,,
,,
,,
,,
,,
,,
,,
,,
,,
,,
,,
,,
,,
,,
,,
,,
,,
,,
,,
,,
,,
,,
,,
,,
,,
,,
,,
,,
,,
,,
,,
,,
,,
,,
,,
,,
,,
,,
,,
,,
,,
,,
,,
,,
,,
,,
,,
,,
,,
,,
,,
,,
,,
,,
,,
,,
,,
,,
,,
,,
,,
,,
,,
,,
,,
,,
,,
,,
,,
,,
,,
,,
,,
,,
,,
,,
,,
,,
,,
,,
,,
,,
,,
,,
,,
,,
,,
,,
,,
,,
,,
,,
,,
,,
,,
,,
,,
,,
,,
,,
,,
,,
,,
,,
,,
,,
,,
,,
,,
,,
,,
,,
,,
,,
,,
,,
,,
,,
,,
,,
,,
,,
,,
,,
,,
,,
,,
,,
,,
,,
,,
,,
,,
,,
,,
,,
,,
,,
,,
,,
,,
,,
,,
,,
,,
,,
,,
,,
,,
,,
,,
,,
,,
,,
,,
,,
,,
,,
,,
,,
,,
,,
,,
,,
,,
,,
,,
,,
,,
,,
,,
,,
,,
,,
,,
,,
,,
,,
,,
,,
,,
,,
,,
,,
,,
,,
,,
,,
,,
,,
,,
,,
,,
,,
,,
,,
,,
,,
,,
,,
,,
,,
,,
,,
,,
,,
,,
,,
,,
,,
,,
,,
,,
,,
,,
,,
,,
,,
,,
,,
,,
,,
,,
,,
,,
,,
,,
,,
,,
,,
,,
,,
,,
,,
,,
,,
,,
,,
,,
,,
,,
,,
,,
,,
,,
,,
,,
,,
,,
,,
,,
,,
,,
,,
,,
,,
,,
,,
,,
,,
,,
,,
,,
,,
,,
,,
,,
,,
,,
,,
,,
,,
,,
,,
,,
,,
,,
,,
,,
,,
,,
,,
,,
,,
,,
,,
,,
,,
,,
,,
,,
,,
,,
,,
,,
,,
,,
,,
,,
,,
,,
,,
,,
,,
,,
,,
,,
,,
,,
,,
,,
,,
,,
,,
,,
,,
,,
,,
,,
,,
,,
,,
,,
,,
,,
,,
,,
,,
,,
,,
,,
,,
,,
,,
,,
,,
,,
,,
,,
,,
,,
,,
,,
,,
,,
,,
,,
,,
,,
,,
,,
,,
,,
,,
,,
,,
,,
,,
,,
,,
,,
,,
,,
,,
,,
,,
,,
,,
,,
,,
,,
,,
,,
,,
,,
,,
,,
,,
,,
,,
,,
,,
,,
,,
,,
,,
,,
,,
,,
,,
,,
,,
,,
,,
,,
,,
,,
,,
,,
,,
,,
,,
,,
,,
,,
,,
,,
,,
,,
,,
,,
,,
,,
,,
,,
,,
,,
,,
,,
,,
,,
,,
,,
,,
,,
,,
,,
,,
,,
,,
,,
,,
,,
,,
,,
,,
,,
,,
,,
,,
,,
,,
,,
,,
,,
,,
,,
,,
,,
,,
,,
,,
,,
,,
,,
,,
,,
,,
,,
,,
,,
,,
,,
,,
,,
,,
,,
,,
,,
,,
,,
,,
,,
,,
,,
,,
,,
,,
,,
,,
,,
,,
,,
,,
,,
,,
,,
,,
,,
,,
,,
,,
,,
,,
,,
,,
,,
,,
,,
,,
,,
